Hhon_g10574.t1	DSL.HG1.4:DLL1/DLL4/JAG1/JAG2
Hhon_g00258.t1	FGF.HG1.2:FGF8/FGF17/FGF18
Hhon_g05450.t1	Frizzled.HG1.1:like:COL18A1/CORIN/FRZB/FZD1/FZD2/FZD3/FZD4/FZD5/FZD6/FZD7/FZD8/FZD9/FZD10/MFRP/MUSK/ROR1/ROR2/SFRP1/SFRP2/SFRP4/SFRP5
Hhon_g03674.t1	Frizzled.HG1.11:like:CPZ/GPR157
Hhon_g04136.t1	Frizzled.HG1.12:FZD3/FZD6
Hhon_g07314.t1	Frizzled.HG1.31:FRZB/SFRP4
Hhon_g04472.t1	Frizzled.HG1.43:like:MUSK/ROR1/ROR2
Hhon_g05728.t1	GPCRglut.HG1.1:like:GABBR1/GABBR2/GPR156
Hhon_g04628.t1	GPCRglut.HG1.10:like:GABBR1/GABBR2
Hhon_g04629.t1	GPCRglut.HG1.10:like:GABBR1/GABBR2
Hhon_g05112.t1	GPCRglut.HG1.2:GPR156
Hhon_g09349.t1	GPCRglut.HG1.20:like:GABBR1/GABBR2
Hhon_g09350.t1	GPCRglut.HG1.20:like:GABBR1/GABBR2
Hhon_g09351.t1	GPCRglut.HG1.20:like:GABBR1/GABBR2
Hhon_g09352.t1	GPCRglut.HG1.20:like:GABBR1/GABBR2
Hhon_g06834.t1	GPCRglut.HG1.22:like:GABBR1/GABBR2
Hhon_g06259.t1	GPCRglut.HG1.23:like:GABBR1/GABBR2
Hhon_g01974.t1	GPCRglut.HG1.28:like:GABBR1/GABBR2
Hhon_g10508.t1	GPCRglut.HG1.29:like:GABBR1/GABBR2
Hhon_g01249.t1	GPCRglut.HG1.30:like:GABBR1/GABBR2
Hhon_g01250.t1	GPCRglut.HG1.30:like:GABBR1/GABBR2
Hhon_g02704.t1	GPCRglut.HG1.30:like:GABBR1/GABBR2
Hhon_g02705.t1	GPCRglut.HG1.30:like:GABBR1/GABBR2
Hhon_g02706.t1	GPCRglut.HG1.30:like:GABBR1/GABBR2
Hhon_g02707.t1	GPCRglut.HG1.30:like:GABBR1/GABBR2
Hhon_g07295.t1	GPCRglut.HG1.30:like:GABBR1/GABBR2
Hhon_g07690.t1	GPCRglut.HG1.30:like:GABBR1/GABBR2
Hhon_g07928.t1	GPCRglut.HG1.30:like:GABBR1/GABBR2
Hhon_g07965.t1	GPCRglut.HG1.30:like:GABBR1/GABBR2
Hhon_g07966.t1	GPCRglut.HG1.30:like:GABBR1/GABBR2
Hhon_g09726.t1	GPCRglut.HG1.30:like:GABBR1/GABBR2
Hhon_g11451.t1	GPCRglut.HG1.30:like:GABBR1/GABBR2
Hhon_g11851.t1	GPCRglut.HG1.30:like:GABBR1/GABBR2
Hhon_g01975.t1	GPCRglut.HG1.31:like:GABBR1/GABBR2
Hhon_g06811.t1	GPCRglut.HG1.33:like:GABBR1/GABBR2
Hhon_g07333.t1	GPCRglut.HG1.34:like:GABBR1/GABBR2
Hhon_g10188.t1	GPCRglut.HG1.35:like:GABBR1/GABBR2
Hhon_g01976.t1	GPCRglut.HG1.36:like:GABBR1/GABBR2
Hhon_g01977.t1	GPCRglut.HG1.37:like:GABBR1/GABBR2
Hhon_g06808.t1	GPCRglut.HG1.39:like:GABBR1/GABBR2
Hhon_g05298.t1	GPCRglut.HG1.4:like:GABBR1/GABBR2/GPR156
Hhon_g07557.t1	GPCRglut.HG1.40:like:GABBR1/GABBR2
Hhon_g08729.t1	GPCRglut.HG1.41:like:GABBR1/GABBR2
Hhon_g10739.t1	GPCRglut.HG1.43:like:GABBR1/GABBR2
Hhon_g10740.t1	GPCRglut.HG1.43:like:GABBR1/GABBR2
Hhon_g08692.t1	GPCRglut.HG1.45:like:GABBR1/GABBR2
Hhon_g08693.t1	GPCRglut.HG1.45:like:GABBR1/GABBR2
Hhon_g08694.t1	GPCRglut.HG1.45:like:GABBR1/GABBR2
Hhon_g11390.t1	GPCRglut.HG1.46:like:GABBR1/GABBR2
Hhon_g11389.t1	GPCRglut.HG1.47:like:GABBR1/GABBR2
Hhon_g05296.t1	GPCRglut.HG1.5:like:GABBR1/GABBR2/GPR156
Hhon_g05486.t1	GPCRglut.HG1.6:GABBR1/GABBR2
Hhon_g11350.t1	GPCRglut.HG1.6:GABBR1/GABBR2
Hhon_g05297.t1	GPCRglut.HG1.7:like:GABBR1/GABBR2/GPR156
Hhon_g08349.t1	GPCRglut.HG1.8:like:GABBR1/GABBR2/GPR156
Hhon_g05295.t1	GPCRglut.HG1.9:like:GABBR1/GABBR2/GPR156
Hhon_g05851.t1	GPCRglut.HG2.4:like:GRM1/GRM2/GRM3/GRM4/GRM5/GRM6/GRM7/GRM8
Hhon_g05852.t1	GPCRglut.HG2.4:like:GRM1/GRM2/GRM3/GRM4/GRM5/GRM6/GRM7/GRM8
Hhon_g06608.t1	GPCRglut.HG2.6:like:GRM1/GRM2/GRM3/GRM4/GRM5/GRM6/GRM7/GRM8
Hhon_g00024.t1	GPCRglut.HG3.5:like:CASR/GPRC6A/TAS1R1/TAS1R2/TAS1R3
Hhon_g00023.t1	GPCRglut.HG3.7:like:CASR/GPRC6A/TAS1R1/TAS1R2/TAS1R3
Hhon_g03029.t1	GPCRglut.HG4.0:NA
Hhon_g03031.t1	GPCRglut.HG4.0:NA
Hhon_g03033.t1	GPCRglut.HG4.0:NA
Hhon_g10141.t1	GPCRglut.HG4.0:NA
Hhon_g10142.t1	GPCRglut.HG4.0:NA
Hhon_g10143.t1	GPCRglut.HG4.0:NA
Hhon_g10144.t1	GPCRglut.HG4.0:NA
Hhon_g10198.t1	GPCRglut.HG4.0:NA
Hhon_g11138.t1	GPCRglut.HG4.0:NA
Hhon_g11141.t1	GPCRglut.HG4.0:NA
Hhon_g11142.t1	GPCRglut.HG4.0:NA
Hhon_g11143.t1	GPCRglut.HG4.0:NA
Hhon_g11145.t1	GPCRglut.HG4.0:NA
Hhon_g11146.t1	GPCRglut.HG4.0:NA
Hhon_g11635.t1	GPCRglut.HG4.0:NA
Hhon_g11638.t1	GPCRglut.HG4.0:NA
Hhon_g11639.t1	GPCRglut.HG4.0:NA
Hhon_g11640.t1	GPCRglut.HG4.0:NA
Hhon_g11642.t1	GPCRglut.HG4.0:NA
Hhon_g02928.t1	GPCRglut.HG4.1:NA
Hhon_g00171.t1	GPCRglut.HG4.10:NA
Hhon_g00663.t1	GPCRglut.HG4.11:NA
Hhon_g05664.t1	GPCRglut.HG4.12:NA
Hhon_g05663.t1	GPCRglut.HG4.13:NA
Hhon_g08398.t1	GPCRglut.HG4.14:NA
Hhon_g01294.t1	GPCRglut.HG4.17:NA
Hhon_g05225.t1	GPCRglut.HG4.2:NA
Hhon_g05227.t1	GPCRglut.HG4.2:NA
Hhon_g05228.t1	GPCRglut.HG4.2:NA
Hhon_g05229.t1	GPCRglut.HG4.2:NA
Hhon_g05230.t1	GPCRglut.HG4.2:NA
Hhon_g11498.t1	GPCRglut.HG4.2:NA
Hhon_g11920.t1	GPCRglut.HG4.2:NA
Hhon_g10148.t1	GPCRglut.HG4.3:NA
Hhon_g02927.t1	GPCRglut.HG4.4:NA
Hhon_g02926.t1	GPCRglut.HG4.5:NA
Hhon_g10147.t1	GPCRglut.HG4.6:NA
Hhon_g10145.t1	GPCRglut.HG4.7:NA
Hhon_g10146.t1	GPCRglut.HG4.7:NA
Hhon_g06412.t1	GPCRglut.HG4.8:NA
Hhon_g07940.t1	GPCRglut.HG4.9:NA
Hhon_g02875.t1	GPCRrhod.HG1.18:like:GPR45/GPR63
Hhon_g01545.t1	GPCRrhod.HG1.2:like:AC144573.1/ADORA1/ADORA2A/ADORA2B/ADORA3/ADRA1A/ADRA1B/ADRA1D/ADRA2A/ADRA2B/ADRA2C/ADRB1/ADRB2/ADRB3/CHRM1/CHRM2/CHRM3/CHRM4/CHRM5/DRD1/DRD2/DRD3/DRD4/DRD5/GPR21/GPR26/GPR45/GPR52/GPR63/GPR78/GPR101/GPR119/GPR135/GPR161/HRH1/HRH2/HRH3/HRH4/HTR1A/HTR1B/HTR1D/HTR1E/HTR1F/HTR2A/HTR2B/HTR2C/HTR4/HTR5A/HTR6/HTR7/TMIGD3
Hhon_g00965.t1	GPCRrhod.HG1.20:like:AC144573.1/ADORA1/ADORA2A/ADORA2B/ADORA3/ADRA1A/ADRA1B/ADRA1D/ADRA2A/ADRA2B/ADRA2C/ADRB1/ADRB2/ADRB3/CHRM1/CHRM2/CHRM3/CHRM4/CHRM5/DRD1/DRD2/DRD3/DRD4/DRD5/GPR21/GPR26/GPR45/GPR52/GPR63/GPR78/GPR101/GPR119/GPR135/GPR161/HRH1/HRH2/HRH3/HRH4/HTR1A/HTR1B/HTR1D/HTR1E/HTR1F/HTR2A/HTR2B/HTR2C/HTR4/HTR5A/HTR6/HTR7/TMIGD3
Hhon_g01924.t1	GPCRrhod.HG1.20:like:AC144573.1/ADORA1/ADORA2A/ADORA2B/ADORA3/ADRA1A/ADRA1B/ADRA1D/ADRA2A/ADRA2B/ADRA2C/ADRB1/ADRB2/ADRB3/CHRM1/CHRM2/CHRM3/CHRM4/CHRM5/DRD1/DRD2/DRD3/DRD4/DRD5/GPR21/GPR26/GPR45/GPR52/GPR63/GPR78/GPR101/GPR119/GPR135/GPR161/HRH1/HRH2/HRH3/HRH4/HTR1A/HTR1B/HTR1D/HTR1E/HTR1F/HTR2A/HTR2B/HTR2C/HTR4/HTR5A/HTR6/HTR7/TMIGD3
Hhon_g10461.t1	GPCRrhod.HG1.28:like:AC144573.1/ADORA1/ADORA2A/ADORA2B/ADORA3/ADRA1A/ADRA1B/ADRA1D/ADRA2A/ADRA2B/ADRA2C/ADRB1/ADRB2/ADRB3/CHRM1/CHRM2/CHRM3/CHRM4/CHRM5/DRD1/DRD2/DRD3/DRD4/DRD5/GPR21/GPR26/GPR45/GPR52/GPR63/GPR78/GPR101/GPR119/GPR135/GPR161/HRH1/HRH2/HRH3/HRH4/HTR1A/HTR1B/HTR1D/HTR1E/HTR1F/HTR2A/HTR2B/HTR2C/HTR4/HTR5A/HTR6/HTR7/TMIGD3
Hhon_g05381.t1	GPCRrhod.HG1.33:like:AC144573.1/ADORA1/ADORA2A/ADORA2B/ADORA3/ADRA1A/ADRA1B/ADRA1D/ADRA2A/ADRA2B/ADRA2C/ADRB1/ADRB2/ADRB3/CHRM1/CHRM2/CHRM3/CHRM4/CHRM5/DRD1/DRD2/DRD3/DRD4/DRD5/GPR21/GPR26/GPR45/GPR52/GPR63/GPR78/GPR101/GPR119/GPR135/GPR161/HRH1/HRH2/HRH3/HRH4/HTR1A/HTR1B/HTR1D/HTR1E/HTR1F/HTR2A/HTR2B/HTR2C/HTR4/HTR5A/HTR6/HTR7/TMIGD3
Hhon_g05113.t1	GPCRrhod.HG1.41:like:AC144573.1/ADORA1/ADORA2A/ADORA2B/ADORA3/ADRA1A/ADRA1B/ADRA1D/ADRA2A/ADRA2B/ADRA2C/ADRB1/ADRB2/ADRB3/CHRM1/CHRM2/CHRM3/CHRM4/CHRM5/DRD1/DRD2/DRD3/DRD4/DRD5/GPR119/HRH1/HRH2/HRH3/HRH4/HTR1A/HTR1B/HTR1D/HTR1E/HTR1F/HTR2A/HTR2B/HTR2C/HTR4/HTR5A/HTR6/HTR7/TMIGD3
Hhon_g01329.t1	GPCRrhod.HG1.42:like:AC144573.1/ADORA1/ADORA2A/ADORA2B/ADORA3/ADRA1A/ADRA1B/ADRA1D/ADRA2A/ADRA2B/ADRA2C/ADRB1/ADRB2/ADRB3/CHRM1/CHRM2/CHRM3/CHRM4/CHRM5/DRD1/DRD2/DRD3/DRD4/DRD5/GPR119/HRH1/HRH2/HRH3/HRH4/HTR1A/HTR1B/HTR1D/HTR1E/HTR1F/HTR2A/HTR2B/HTR2C/HTR4/HTR5A/HTR6/HTR7/TMIGD3
Hhon_g03896.t1	GPCRrhod.HG1.42:like:AC144573.1/ADORA1/ADORA2A/ADORA2B/ADORA3/ADRA1A/ADRA1B/ADRA1D/ADRA2A/ADRA2B/ADRA2C/ADRB1/ADRB2/ADRB3/CHRM1/CHRM2/CHRM3/CHRM4/CHRM5/DRD1/DRD2/DRD3/DRD4/DRD5/GPR119/HRH1/HRH2/HRH3/HRH4/HTR1A/HTR1B/HTR1D/HTR1E/HTR1F/HTR2A/HTR2B/HTR2C/HTR4/HTR5A/HTR6/HTR7/TMIGD3
Hhon_g04462.t1	GPCRrhod.HG1.42:like:AC144573.1/ADORA1/ADORA2A/ADORA2B/ADORA3/ADRA1A/ADRA1B/ADRA1D/ADRA2A/ADRA2B/ADRA2C/ADRB1/ADRB2/ADRB3/CHRM1/CHRM2/CHRM3/CHRM4/CHRM5/DRD1/DRD2/DRD3/DRD4/DRD5/GPR119/HRH1/HRH2/HRH3/HRH4/HTR1A/HTR1B/HTR1D/HTR1E/HTR1F/HTR2A/HTR2B/HTR2C/HTR4/HTR5A/HTR6/HTR7/TMIGD3
Hhon_g06035.t1	GPCRrhod.HG1.42:like:AC144573.1/ADORA1/ADORA2A/ADORA2B/ADORA3/ADRA1A/ADRA1B/ADRA1D/ADRA2A/ADRA2B/ADRA2C/ADRB1/ADRB2/ADRB3/CHRM1/CHRM2/CHRM3/CHRM4/CHRM5/DRD1/DRD2/DRD3/DRD4/DRD5/GPR119/HRH1/HRH2/HRH3/HRH4/HTR1A/HTR1B/HTR1D/HTR1E/HTR1F/HTR2A/HTR2B/HTR2C/HTR4/HTR5A/HTR6/HTR7/TMIGD3
Hhon_g06514.t1	GPCRrhod.HG1.42:like:AC144573.1/ADORA1/ADORA2A/ADORA2B/ADORA3/ADRA1A/ADRA1B/ADRA1D/ADRA2A/ADRA2B/ADRA2C/ADRB1/ADRB2/ADRB3/CHRM1/CHRM2/CHRM3/CHRM4/CHRM5/DRD1/DRD2/DRD3/DRD4/DRD5/GPR119/HRH1/HRH2/HRH3/HRH4/HTR1A/HTR1B/HTR1D/HTR1E/HTR1F/HTR2A/HTR2B/HTR2C/HTR4/HTR5A/HTR6/HTR7/TMIGD3
Hhon_g10379.t1	GPCRrhod.HG1.42:like:AC144573.1/ADORA1/ADORA2A/ADORA2B/ADORA3/ADRA1A/ADRA1B/ADRA1D/ADRA2A/ADRA2B/ADRA2C/ADRB1/ADRB2/ADRB3/CHRM1/CHRM2/CHRM3/CHRM4/CHRM5/DRD1/DRD2/DRD3/DRD4/DRD5/GPR119/HRH1/HRH2/HRH3/HRH4/HTR1A/HTR1B/HTR1D/HTR1E/HTR1F/HTR2A/HTR2B/HTR2C/HTR4/HTR5A/HTR6/HTR7/TMIGD3
Hhon_g10380.t1	GPCRrhod.HG1.42:like:AC144573.1/ADORA1/ADORA2A/ADORA2B/ADORA3/ADRA1A/ADRA1B/ADRA1D/ADRA2A/ADRA2B/ADRA2C/ADRB1/ADRB2/ADRB3/CHRM1/CHRM2/CHRM3/CHRM4/CHRM5/DRD1/DRD2/DRD3/DRD4/DRD5/GPR119/HRH1/HRH2/HRH3/HRH4/HTR1A/HTR1B/HTR1D/HTR1E/HTR1F/HTR2A/HTR2B/HTR2C/HTR4/HTR5A/HTR6/HTR7/TMIGD3
Hhon_g01328.t1	GPCRrhod.HG1.46:like:AC144573.1/ADORA1/ADORA2A/ADORA2B/ADORA3/ADRA1A/ADRA1B/ADRA1D/ADRA2A/ADRA2B/ADRA2C/ADRB1/ADRB2/ADRB3/CHRM1/CHRM2/CHRM3/CHRM4/CHRM5/DRD1/DRD2/DRD3/DRD4/DRD5/GPR119/HRH1/HRH2/HRH3/HRH4/HTR1A/HTR1B/HTR1D/HTR1E/HTR1F/HTR2A/HTR2B/HTR2C/HTR4/HTR5A/HTR6/HTR7/TMIGD3
Hhon_g05380.t1	GPCRrhod.HG1.51:like:AC144573.1/ADORA1/ADORA2A/ADORA2B/ADORA3/ADRA1A/ADRA1B/ADRA1D/ADRA2A/ADRA2B/ADRA2C/ADRB1/ADRB2/ADRB3/CHRM1/CHRM2/CHRM3/CHRM4/CHRM5/DRD1/DRD2/DRD3/DRD4/DRD5/GPR21/GPR26/GPR45/GPR52/GPR63/GPR78/GPR101/GPR119/GPR135/GPR161/HRH1/HRH2/HRH3/HRH4/HTR1A/HTR1B/HTR1D/HTR1E/HTR1F/HTR2A/HTR2B/HTR2C/HTR4/HTR5A/HTR6/HTR7/TMIGD3
Hhon_g10930.t1	GPCRrhod.HG10.0:NA
Hhon_g09237.t1	GPCRrhod.HG10.1:NA
Hhon_g09231.t1	GPCRrhod.HG10.10:NA
Hhon_g10969.t1	GPCRrhod.HG10.100:NA
Hhon_g03670.t1	GPCRrhod.HG10.105:NA
Hhon_g00907.t1	GPCRrhod.HG10.106:NA
Hhon_g00904.t1	GPCRrhod.HG10.107:NA
Hhon_g04196.t1	GPCRrhod.HG10.108:NA
Hhon_g01693.t1	GPCRrhod.HG10.11:NA
Hhon_g00908.t1	GPCRrhod.HG10.110:NA
Hhon_g10525.t1	GPCRrhod.HG10.12:NA
Hhon_g07274.t1	GPCRrhod.HG10.14:NA
Hhon_g04311.t1	GPCRrhod.HG10.15:NA
Hhon_g10761.t1	GPCRrhod.HG10.17:NA
Hhon_g10763.t1	GPCRrhod.HG10.18:NA
Hhon_g01703.t1	GPCRrhod.HG10.2:NA
Hhon_g08734.t1	GPCRrhod.HG10.21:NA
Hhon_g01811.t1	GPCRrhod.HG10.22:NA
Hhon_g00315.t1	GPCRrhod.HG10.24:NA
Hhon_g10209.t1	GPCRrhod.HG10.25:NA
Hhon_g08733.t1	GPCRrhod.HG10.27:NA
Hhon_g08732.t1	GPCRrhod.HG10.28:NA
Hhon_g08583.t1	GPCRrhod.HG10.29:NA
Hhon_g01220.t1	GPCRrhod.HG10.3:NA
Hhon_g03806.t1	GPCRrhod.HG10.31:NA
Hhon_g09236.t1	GPCRrhod.HG10.32:NA
Hhon_g07851.t1	GPCRrhod.HG10.34:NA
Hhon_g08854.t1	GPCRrhod.HG10.36:NA
Hhon_g08855.t1	GPCRrhod.HG10.37:NA
Hhon_g11625.t1	GPCRrhod.HG10.38:NA
Hhon_g06928.t1	GPCRrhod.HG10.4:NA
Hhon_g01745.t1	GPCRrhod.HG10.40:NA
Hhon_g01744.t1	GPCRrhod.HG10.41:NA
Hhon_g01746.t1	GPCRrhod.HG10.42:NA
Hhon_g09463.t1	GPCRrhod.HG10.43:NA
Hhon_g05408.t1	GPCRrhod.HG10.44:NA
Hhon_g10394.t1	GPCRrhod.HG10.45:NA
Hhon_g07858.t1	GPCRrhod.HG10.47:NA
Hhon_g07855.t1	GPCRrhod.HG10.48:NA
Hhon_g07867.t1	GPCRrhod.HG10.49:NA
Hhon_g07868.t1	GPCRrhod.HG10.49:NA
Hhon_g07869.t1	GPCRrhod.HG10.49:NA
Hhon_g07870.t1	GPCRrhod.HG10.49:NA
Hhon_g04778.t1	GPCRrhod.HG10.5:NA
Hhon_g11626.t1	GPCRrhod.HG10.50:NA
Hhon_g10971.t1	GPCRrhod.HG10.51:NA
Hhon_g10972.t1	GPCRrhod.HG10.52:NA
Hhon_g08853.t1	GPCRrhod.HG10.54:NA
Hhon_g10968.t1	GPCRrhod.HG10.55:NA
Hhon_g08584.t1	GPCRrhod.HG10.56:NA
Hhon_g08716.t1	GPCRrhod.HG10.57:NA
Hhon_g10392.t1	GPCRrhod.HG10.58:NA
Hhon_g03743.t1	GPCRrhod.HG10.59:NA
Hhon_g07850.t1	GPCRrhod.HG10.59:NA
Hhon_g01522.t1	GPCRrhod.HG10.6:NA
Hhon_g10393.t1	GPCRrhod.HG10.60:NA
Hhon_g03672.t1	GPCRrhod.HG10.63:NA
Hhon_g03671.t1	GPCRrhod.HG10.64:NA
Hhon_g06759.t1	GPCRrhod.HG10.66:NA
Hhon_g05941.t1	GPCRrhod.HG10.68:NA
Hhon_g02839.t1	GPCRrhod.HG10.69:NA
Hhon_g04346.t1	GPCRrhod.HG10.7:NA
Hhon_g03272.t1	GPCRrhod.HG10.70:NA
Hhon_g07857.t1	GPCRrhod.HG10.71:NA
Hhon_g07854.t1	GPCRrhod.HG10.72:NA
Hhon_g07921.t1	GPCRrhod.HG10.72:NA
Hhon_g08868.t1	GPCRrhod.HG10.73:NA
Hhon_g08722.t1	GPCRrhod.HG10.76:NA
Hhon_g08723.t1	GPCRrhod.HG10.76:NA
Hhon_g11729.t1	GPCRrhod.HG10.77:NA
Hhon_g08677.t1	GPCRrhod.HG10.79:NA
Hhon_g08678.t1	GPCRrhod.HG10.79:NA
Hhon_g11728.t1	GPCRrhod.HG10.79:NA
Hhon_g11730.t1	GPCRrhod.HG10.79:NA
Hhon_g07835.t1	GPCRrhod.HG10.8:NA
Hhon_g10395.t1	GPCRrhod.HG10.81:NA
Hhon_g11528.t1	GPCRrhod.HG10.84:NA
Hhon_g11529.t1	GPCRrhod.HG10.85:NA
Hhon_g00909.t1	GPCRrhod.HG10.86:NA
Hhon_g00910.t1	GPCRrhod.HG10.87:NA
Hhon_g08211.t1	GPCRrhod.HG10.88:NA
Hhon_g10970.t1	GPCRrhod.HG10.89:NA
Hhon_g10760.t1	GPCRrhod.HG10.9:NA
Hhon_g08674.t1	GPCRrhod.HG10.93:NA
Hhon_g08675.t1	GPCRrhod.HG10.93:NA
Hhon_g08676.t1	GPCRrhod.HG10.93:NA
Hhon_g10764.t1	GPCRrhod.HG10.95:NA
Hhon_g09540.t1	GPCRrhod.HG10.96:NA
Hhon_g10795.t1	GPCRrhod.HG10.97:NA
Hhon_g03669.t1	GPCRrhod.HG10.98:NA
Hhon_g10773.t1	GPCRrhod.HG101.0:NA
Hhon_g10771.t1	GPCRrhod.HG101.2:NA
Hhon_g10772.t1	GPCRrhod.HG101.3:NA
Hhon_g02917.t1	GPCRrhod.HG104.0:NA
Hhon_g00713.t1	GPCRrhod.HG104.1:NA
Hhon_g09529.t1	GPCRrhod.HG104.1:NA
Hhon_g00405.t1	GPCRrhod.HG107.2:NA
Hhon_g01681.t1	GPCRrhod.HG108.0:NA
Hhon_g01680.t1	GPCRrhod.HG108.2:NA
Hhon_g11191.t1	GPCRrhod.HG12.0:NA
Hhon_g11190.t1	GPCRrhod.HG12.1:NA
Hhon_g11193.t1	GPCRrhod.HG12.1:NA
Hhon_g11194.t1	GPCRrhod.HG12.1:NA
Hhon_g10728.t1	GPCRrhod.HG12.101:NA
Hhon_g11196.t1	GPCRrhod.HG12.11:NA
Hhon_g07913.t1	GPCRrhod.HG12.17:NA
Hhon_g07916.t1	GPCRrhod.HG12.18:NA
Hhon_g11192.t1	GPCRrhod.HG12.19:NA
Hhon_g06774.t1	GPCRrhod.HG12.2:NA
Hhon_g07917.t1	GPCRrhod.HG12.20:NA
Hhon_g07914.t1	GPCRrhod.HG12.21:NA
Hhon_g11195.t1	GPCRrhod.HG12.22:NA
Hhon_g02112.t1	GPCRrhod.HG12.23:NA
Hhon_g02113.t1	GPCRrhod.HG12.23:NA
Hhon_g04281.t1	GPCRrhod.HG12.23:NA
Hhon_g04283.t1	GPCRrhod.HG12.23:NA
Hhon_g04284.t1	GPCRrhod.HG12.23:NA
Hhon_g04285.t1	GPCRrhod.HG12.23:NA
Hhon_g03421.t1	GPCRrhod.HG12.24:NA
Hhon_g09143.t1	GPCRrhod.HG12.25:NA
Hhon_g09146.t1	GPCRrhod.HG12.26:NA
Hhon_g07255.t1	GPCRrhod.HG12.27:NA
Hhon_g07546.t1	GPCRrhod.HG12.28:NA
Hhon_g11996.t1	GPCRrhod.HG12.28:NA
Hhon_g07545.t1	GPCRrhod.HG12.29:NA
Hhon_g11199.t1	GPCRrhod.HG12.29:NA
Hhon_g11200.t1	GPCRrhod.HG12.29:NA
Hhon_g11691.t1	GPCRrhod.HG12.3:NA
Hhon_g09147.t1	GPCRrhod.HG12.30:NA
Hhon_g11469.t1	GPCRrhod.HG12.30:NA
Hhon_g03093.t1	GPCRrhod.HG12.31:NA
Hhon_g06504.t1	GPCRrhod.HG12.32:NA
Hhon_g06505.t1	GPCRrhod.HG12.32:NA
Hhon_g09458.t1	GPCRrhod.HG12.37:NA
Hhon_g07577.t1	GPCRrhod.HG12.4:NA
Hhon_g11412.t1	GPCRrhod.HG12.40:NA
Hhon_g11413.t1	GPCRrhod.HG12.40:NA
Hhon_g08042.t1	GPCRrhod.HG12.41:NA
Hhon_g11265.t1	GPCRrhod.HG12.41:NA
Hhon_g11226.t1	GPCRrhod.HG12.45:NA
Hhon_g09998.t1	GPCRrhod.HG12.46:NA
Hhon_g08040.t1	GPCRrhod.HG12.50:NA
Hhon_g08041.t1	GPCRrhod.HG12.50:NA
Hhon_g11263.t1	GPCRrhod.HG12.50:NA
Hhon_g11264.t1	GPCRrhod.HG12.50:NA
Hhon_g10000.t1	GPCRrhod.HG12.53:NA
Hhon_g08700.t1	GPCRrhod.HG12.54:NA
Hhon_g08701.t1	GPCRrhod.HG12.54:NA
Hhon_g08719.t1	GPCRrhod.HG12.57:NA
Hhon_g08720.t1	GPCRrhod.HG12.57:NA
Hhon_g11223.t1	GPCRrhod.HG12.58:NA
Hhon_g11551.t1	GPCRrhod.HG12.58:NA
Hhon_g11222.t1	GPCRrhod.HG12.59:NA
Hhon_g11552.t1	GPCRrhod.HG12.59:NA
Hhon_g07907.t1	GPCRrhod.HG12.6:NA
Hhon_g10004.t1	GPCRrhod.HG12.62:NA
Hhon_g10003.t1	GPCRrhod.HG12.65:NA
Hhon_g10002.t1	GPCRrhod.HG12.66:NA
Hhon_g10732.t1	GPCRrhod.HG12.70:NA
Hhon_g10733.t1	GPCRrhod.HG12.70:NA
Hhon_g08699.t1	GPCRrhod.HG12.72:NA
Hhon_g10729.t1	GPCRrhod.HG12.73:NA
Hhon_g10730.t1	GPCRrhod.HG12.74:NA
Hhon_g06803.t1	GPCRrhod.HG12.75:NA
Hhon_g04142.t1	GPCRrhod.HG12.76:NA
Hhon_g04139.t1	GPCRrhod.HG12.77:NA
Hhon_g10731.t1	GPCRrhod.HG12.78:NA
Hhon_g10727.t1	GPCRrhod.HG12.79:NA
Hhon_g06800.t1	GPCRrhod.HG12.81:NA
Hhon_g06801.t1	GPCRrhod.HG12.81:NA
Hhon_g06802.t1	GPCRrhod.HG12.81:NA
Hhon_g11197.t1	GPCRrhod.HG12.87:NA
Hhon_g07999.t1	GPCRrhod.HG12.88:NA
Hhon_g10001.t1	GPCRrhod.HG12.98:NA
Hhon_g09999.t1	GPCRrhod.HG12.99:NA
Hhon_g03941.t1	GPCRrhod.HG122.0:NA
Hhon_g03641.t1	GPCRrhod.HG122.1:NA
Hhon_g10441.t1	GPCRrhod.HG131.0:NA
Hhon_g02819.t1	GPCRrhod.HG131.1:NA
Hhon_g07092.t1	GPCRrhod.HG137.0:NA
Hhon_g07093.t1	GPCRrhod.HG137.0:NA
Hhon_g11434.t1	GPCRrhod.HG137.0:NA
Hhon_g11435.t1	GPCRrhod.HG137.0:NA
Hhon_g03438.t1	GPCRrhod.HG148.0:NA
Hhon_g08294.t1	GPCRrhod.HG156.0:NA
Hhon_g06376.t1	GPCRrhod.HG16.0:RXFP1/RXFP2
Hhon_g10511.t1	GPCRrhod.HG16.0:RXFP1/RXFP2
Hhon_g05057.t1	GPCRrhod.HG169.0:NA
Hhon_g00585.t1	GPCRrhod.HG171.0:NA
Hhon_g02447.t1	GPCRrhod.HG173.0:NA
Hhon_g08843.t1	GPCRrhod.HG181.0:NA
Hhon_g01918.t1	GPCRrhod.HG184.0:NA
Hhon_g09815.t1	GPCRrhod.HG189.0:NA
Hhon_g10436.t1	GPCRrhod.HG190.0:NA
Hhon_g10766.t1	GPCRrhod.HG191.0:NA
Hhon_g09799.t1	GPCRrhod.HG2.13:like:GPR19/GPR176
Hhon_g07094.t1	GPCRrhod.HG2.2:like:CCKAR/CCKBR/GHSR/GPR19/GPR39/GPR83/GPR176/HCRTR1/HCRTR2/MLNR/NMUR1/NMUR2/NPFFR1/NPFFR2/NPY1R/NPY2R/NPY4R/NPY4R2/NPY5R/NTSR1/NTSR2/PRLHR/PROKR1/PROKR2/QRFPR/TACR1/TACR2/TACR3/TRHR
Hhon_g07096.t1	GPCRrhod.HG2.2:like:CCKAR/CCKBR/GHSR/GPR19/GPR39/GPR83/GPR176/HCRTR1/HCRTR2/MLNR/NMUR1/NMUR2/NPFFR1/NPFFR2/NPY1R/NPY2R/NPY4R/NPY4R2/NPY5R/NTSR1/NTSR2/PRLHR/PROKR1/PROKR2/QRFPR/TACR1/TACR2/TACR3/TRHR
Hhon_g11436.t1	GPCRrhod.HG2.2:like:CCKAR/CCKBR/GHSR/GPR19/GPR39/GPR83/GPR176/HCRTR1/HCRTR2/MLNR/NMUR1/NMUR2/NPFFR1/NPFFR2/NPY1R/NPY2R/NPY4R/NPY4R2/NPY5R/NTSR1/NTSR2/PRLHR/PROKR1/PROKR2/QRFPR/TACR1/TACR2/TACR3/TRHR
Hhon_g01712.t1	GPCRrhod.HG2.3:like:CCKAR/CCKBR/GHSR/GPR19/GPR39/GPR83/GPR176/HCRTR1/HCRTR2/MLNR/NMUR1/NMUR2/NPFFR1/NPFFR2/NPY1R/NPY2R/NPY4R/NPY4R2/NPY5R/NTSR1/NTSR2/PRLHR/PROKR1/PROKR2/QRFPR/TACR1/TACR2/TACR3/TRHR
Hhon_g01713.t1	GPCRrhod.HG2.3:like:CCKAR/CCKBR/GHSR/GPR19/GPR39/GPR83/GPR176/HCRTR1/HCRTR2/MLNR/NMUR1/NMUR2/NPFFR1/NPFFR2/NPY1R/NPY2R/NPY4R/NPY4R2/NPY5R/NTSR1/NTSR2/PRLHR/PROKR1/PROKR2/QRFPR/TACR1/TACR2/TACR3/TRHR
Hhon_g08279.t1	GPCRrhod.HG2.3:like:CCKAR/CCKBR/GHSR/GPR19/GPR39/GPR83/GPR176/HCRTR1/HCRTR2/MLNR/NMUR1/NMUR2/NPFFR1/NPFFR2/NPY1R/NPY2R/NPY4R/NPY4R2/NPY5R/NTSR1/NTSR2/PRLHR/PROKR1/PROKR2/QRFPR/TACR1/TACR2/TACR3/TRHR
Hhon_g08281.t1	GPCRrhod.HG2.3:like:CCKAR/CCKBR/GHSR/GPR19/GPR39/GPR83/GPR176/HCRTR1/HCRTR2/MLNR/NMUR1/NMUR2/NPFFR1/NPFFR2/NPY1R/NPY2R/NPY4R/NPY4R2/NPY5R/NTSR1/NTSR2/PRLHR/PROKR1/PROKR2/QRFPR/TACR1/TACR2/TACR3/TRHR
Hhon_g03303.t1	GPCRrhod.HG2.42:like:NPFFR1/NPFFR2
Hhon_g05968.t1	GPCRrhod.HG2.43:like:NPFFR1/NPFFR2
Hhon_g01831.t1	GPCRrhod.HG2.44:like:NPFFR1/NPFFR2
Hhon_g04180.t1	GPCRrhod.HG2.44:like:NPFFR1/NPFFR2
Hhon_g04425.t1	GPCRrhod.HG2.45:like:NPFFR1/NPFFR2
Hhon_g08055.t1	GPCRrhod.HG2.45:like:NPFFR1/NPFFR2
Hhon_g08590.t1	GPCRrhod.HG2.45:like:NPFFR1/NPFFR2
Hhon_g08613.t1	GPCRrhod.HG2.45:like:NPFFR1/NPFFR2
Hhon_g10154.t1	GPCRrhod.HG2.45:like:NPFFR1/NPFFR2
Hhon_g11086.t1	GPCRrhod.HG2.45:like:NPFFR1/NPFFR2
Hhon_g04920.t1	GPCRrhod.HG2.46:like:NPFFR1/NPFFR2
Hhon_g07442.t1	GPCRrhod.HG2.47:like:NPFFR1/NPFFR2
Hhon_g08794.t1	GPCRrhod.HG2.47:like:NPFFR1/NPFFR2
Hhon_g09738.t1	GPCRrhod.HG2.47:like:NPFFR1/NPFFR2
Hhon_g08582.t1	GPCRrhod.HG2.48:like:NPFFR1/NPFFR2
Hhon_g04189.t1	GPCRrhod.HG2.49:like:NPFFR1/NPFFR2
Hhon_g11699.t1	GPCRrhod.HG2.50:like:NPFFR1/NPFFR2
Hhon_g04921.t1	GPCRrhod.HG2.51:like:NPFFR1/NPFFR2
Hhon_g05345.t1	GPCRrhod.HG2.52:like:NPFFR1/NPFFR2
Hhon_g11041.t1	GPCRrhod.HG2.54:like:NPFFR1/NPFFR2
Hhon_g11042.t1	GPCRrhod.HG2.55:like:NPFFR1/NPFFR2
Hhon_g05045.t1	GPCRrhod.HG2.56:like:NPFFR1/NPFFR2
Hhon_g11044.t1	GPCRrhod.HG2.56:like:NPFFR1/NPFFR2
Hhon_g03908.t1	GPCRrhod.HG22.1:NA
Hhon_g05432.t1	GPCRrhod.HG22.11:NA
Hhon_g11462.t1	GPCRrhod.HG22.11:NA
Hhon_g03048.t1	GPCRrhod.HG22.12:NA
Hhon_g07568.t1	GPCRrhod.HG22.13:NA
Hhon_g09149.t1	GPCRrhod.HG22.14:NA
Hhon_g10326.t1	GPCRrhod.HG22.14:NA
Hhon_g07572.t1	GPCRrhod.HG22.15:NA
Hhon_g04864.t1	GPCRrhod.HG22.17:NA
Hhon_g07741.t1	GPCRrhod.HG22.18:NA
Hhon_g08624.t1	GPCRrhod.HG22.18:NA
Hhon_g09930.t1	GPCRrhod.HG22.18:NA
Hhon_g05553.t1	GPCRrhod.HG22.19:NA
Hhon_g11266.t1	GPCRrhod.HG22.19:NA
Hhon_g11577.t1	GPCRrhod.HG22.19:NA
Hhon_g08018.t1	GPCRrhod.HG22.2:NA
Hhon_g05391.t1	GPCRrhod.HG22.20:NA
Hhon_g08690.t1	GPCRrhod.HG22.21:NA
Hhon_g05582.t1	GPCRrhod.HG22.22:NA
Hhon_g09163.t1	GPCRrhod.HG22.24:NA
Hhon_g05641.t1	GPCRrhod.HG22.25:NA
Hhon_g04760.t1	GPCRrhod.HG22.26:NA
Hhon_g04761.t1	GPCRrhod.HG22.27:NA
Hhon_g11074.t1	GPCRrhod.HG22.29:NA
Hhon_g11504.t1	GPCRrhod.HG22.29:NA
Hhon_g11333.t1	GPCRrhod.HG22.3:NA
Hhon_g00524.t1	GPCRrhod.HG22.34:NA
Hhon_g08820.t1	GPCRrhod.HG22.36:NA
Hhon_g10967.t1	GPCRrhod.HG22.36:NA
Hhon_g11807.t1	GPCRrhod.HG22.36:NA
Hhon_g09600.t1	GPCRrhod.HG22.38:NA
Hhon_g01958.t1	GPCRrhod.HG22.4:NA
Hhon_g11379.t1	GPCRrhod.HG22.4:NA
Hhon_g10250.t1	GPCRrhod.HG22.44:NA
Hhon_g10713.t1	GPCRrhod.HG22.46:NA
Hhon_g08163.t1	GPCRrhod.HG22.47:NA
Hhon_g01959.t1	GPCRrhod.HG22.5:NA
Hhon_g11380.t1	GPCRrhod.HG22.5:NA
Hhon_g06411.t1	GPCRrhod.HG22.52:NA
Hhon_g08657.t1	GPCRrhod.HG22.52:NA
Hhon_g08164.t1	GPCRrhod.HG22.54:NA
Hhon_g07544.t1	GPCRrhod.HG22.59:NA
Hhon_g07651.t1	GPCRrhod.HG22.59:NA
Hhon_g08672.t1	GPCRrhod.HG22.59:NA
Hhon_g10249.t1	GPCRrhod.HG22.59:NA
Hhon_g10308.t1	GPCRrhod.HG22.59:NA
Hhon_g11766.t1	GPCRrhod.HG22.59:NA
Hhon_g03030.t1	GPCRrhod.HG22.60:NA
Hhon_g10870.t1	GPCRrhod.HG22.61:NA
Hhon_g11473.t1	GPCRrhod.HG22.61:NA
Hhon_g08691.t1	GPCRrhod.HG22.62:NA
Hhon_g10735.t1	GPCRrhod.HG22.63:NA
Hhon_g10876.t1	GPCRrhod.HG22.63:NA
Hhon_g04268.t1	GPCRrhod.HG22.64:NA
Hhon_g11619.t1	GPCRrhod.HG22.77:NA
Hhon_g08031.t1	GPCRrhod.HG22.8:NA
Hhon_g00768.t1	GPCRrhod.HG22.80:NA
Hhon_g10031.t1	GPCRrhod.HG22.81:NA
Hhon_g00885.t1	GPCRrhod.HG25.1:NA
Hhon_g00887.t1	GPCRrhod.HG25.1:NA
Hhon_g02841.t1	GPCRrhod.HG25.1:NA
Hhon_g02842.t1	GPCRrhod.HG25.1:NA
Hhon_g03250.t1	GPCRrhod.HG25.1:NA
Hhon_g03262.t1	GPCRrhod.HG25.1:NA
Hhon_g04490.t1	GPCRrhod.HG25.1:NA
Hhon_g05148.t1	GPCRrhod.HG25.1:NA
Hhon_g05152.t1	GPCRrhod.HG25.1:NA
Hhon_g05154.t1	GPCRrhod.HG25.1:NA
Hhon_g05155.t1	GPCRrhod.HG25.1:NA
Hhon_g05156.t1	GPCRrhod.HG25.1:NA
Hhon_g06379.t1	GPCRrhod.HG25.1:NA
Hhon_g06796.t1	GPCRrhod.HG25.1:NA
Hhon_g06797.t1	GPCRrhod.HG25.1:NA
Hhon_g06798.t1	GPCRrhod.HG25.1:NA
Hhon_g07784.t1	GPCRrhod.HG25.1:NA
Hhon_g07785.t1	GPCRrhod.HG25.1:NA
Hhon_g08352.t1	GPCRrhod.HG25.1:NA
Hhon_g08353.t1	GPCRrhod.HG25.1:NA
Hhon_g08354.t1	GPCRrhod.HG25.1:NA
Hhon_g08355.t1	GPCRrhod.HG25.1:NA
Hhon_g08356.t1	GPCRrhod.HG25.1:NA
Hhon_g08357.t1	GPCRrhod.HG25.1:NA
Hhon_g08358.t1	GPCRrhod.HG25.1:NA
Hhon_g08449.t1	GPCRrhod.HG25.1:NA
Hhon_g11284.t1	GPCRrhod.HG25.1:NA
Hhon_g11463.t1	GPCRrhod.HG25.1:NA
Hhon_g11464.t1	GPCRrhod.HG25.1:NA
Hhon_g11895.t1	GPCRrhod.HG25.1:NA
Hhon_g11965.t1	GPCRrhod.HG25.1:NA
Hhon_g00727.t1	GPCRrhod.HG29.0:NA
Hhon_g00728.t1	GPCRrhod.HG29.0:NA
Hhon_g00729.t1	GPCRrhod.HG29.0:NA
Hhon_g00730.t1	GPCRrhod.HG29.0:NA
Hhon_g00790.t1	GPCRrhod.HG29.0:NA
Hhon_g00793.t1	GPCRrhod.HG29.0:NA
Hhon_g00805.t1	GPCRrhod.HG29.0:NA
Hhon_g01338.t1	GPCRrhod.HG29.0:NA
Hhon_g01339.t1	GPCRrhod.HG29.0:NA
Hhon_g01340.t1	GPCRrhod.HG29.0:NA
Hhon_g01341.t1	GPCRrhod.HG29.0:NA
Hhon_g01342.t1	GPCRrhod.HG29.0:NA
Hhon_g01343.t1	GPCRrhod.HG29.0:NA
Hhon_g01344.t1	GPCRrhod.HG29.0:NA
Hhon_g02022.t1	GPCRrhod.HG29.0:NA
Hhon_g05035.t1	GPCRrhod.HG29.0:NA
Hhon_g05484.t1	GPCRrhod.HG29.0:NA
Hhon_g10493.t1	GPCRrhod.HG29.0:NA
Hhon_g11348.t1	GPCRrhod.HG29.0:NA
Hhon_g05281.t1	GPCRrhod.HG29.10:NA
Hhon_g04822.t1	GPCRrhod.HG29.11:NA
Hhon_g04820.t1	GPCRrhod.HG29.14:NA
Hhon_g04818.t1	GPCRrhod.HG29.15:NA
Hhon_g04819.t1	GPCRrhod.HG29.15:NA
Hhon_g04821.t1	GPCRrhod.HG29.16:NA
Hhon_g05145.t1	GPCRrhod.HG29.19:NA
Hhon_g05579.t1	GPCRrhod.HG29.2:NA
Hhon_g05144.t1	GPCRrhod.HG29.20:NA
Hhon_g05142.t1	GPCRrhod.HG29.22:NA
Hhon_g05139.t1	GPCRrhod.HG29.23:NA
Hhon_g05138.t1	GPCRrhod.HG29.27:NA
Hhon_g02041.t1	GPCRrhod.HG29.3:NA
Hhon_g05143.t1	GPCRrhod.HG29.31:NA
Hhon_g05141.t1	GPCRrhod.HG29.33:NA
Hhon_g05140.t1	GPCRrhod.HG29.34:NA
Hhon_g05285.t1	GPCRrhod.HG29.5:NA
Hhon_g05282.t1	GPCRrhod.HG29.6:NA
Hhon_g05283.t1	GPCRrhod.HG29.7:NA
Hhon_g05284.t1	GPCRrhod.HG29.8:NA
Hhon_g04823.t1	GPCRrhod.HG29.9:NA
Hhon_g07230.t1	GPCRrhod.HG32.0:NA
Hhon_g04910.t1	GPCRrhod.HG32.10:NA
Hhon_g11090.t1	GPCRrhod.HG32.12:NA
Hhon_g10372.t1	GPCRrhod.HG32.13:NA
Hhon_g11454.t1	GPCRrhod.HG32.14:NA
Hhon_g04904.t1	GPCRrhod.HG32.15:NA
Hhon_g04909.t1	GPCRrhod.HG32.18:NA
Hhon_g00674.t1	GPCRrhod.HG32.2:NA
Hhon_g11089.t1	GPCRrhod.HG32.21:NA
Hhon_g11091.t1	GPCRrhod.HG32.24:NA
Hhon_g04915.t1	GPCRrhod.HG32.25:NA
Hhon_g04911.t1	GPCRrhod.HG32.29:NA
Hhon_g04912.t1	GPCRrhod.HG32.29:NA
Hhon_g04916.t1	GPCRrhod.HG32.29:NA
Hhon_g11883.t1	GPCRrhod.HG32.34:NA
Hhon_g11884.t1	GPCRrhod.HG32.34:NA
Hhon_g11094.t1	GPCRrhod.HG32.35:NA
Hhon_g11509.t1	GPCRrhod.HG32.35:NA
Hhon_g07887.t1	GPCRrhod.HG32.36:NA
Hhon_g07889.t1	GPCRrhod.HG32.36:NA
Hhon_g10047.t1	GPCRrhod.HG32.36:NA
Hhon_g10049.t1	GPCRrhod.HG32.36:NA
Hhon_g07885.t1	GPCRrhod.HG32.37:NA
Hhon_g07886.t1	GPCRrhod.HG32.37:NA
Hhon_g07888.t1	GPCRrhod.HG32.38:NA
Hhon_g10048.t1	GPCRrhod.HG32.38:NA
Hhon_g08015.t1	GPCRrhod.HG32.4:NA
Hhon_g11093.t1	GPCRrhod.HG32.45:NA
Hhon_g04917.t1	GPCRrhod.HG32.7:NA
Hhon_g07203.t1	GPCRrhod.HG32.8:NA
Hhon_g04906.t1	GPCRrhod.HG32.9:NA
Hhon_g07221.t1	GPCRrhod.HG34.0:NA
Hhon_g05740.t1	GPCRrhod.HG34.10:NA
Hhon_g05741.t1	GPCRrhod.HG34.11:NA
Hhon_g11839.t1	GPCRrhod.HG34.11:NA
Hhon_g08103.t1	GPCRrhod.HG34.12:NA
Hhon_g08104.t1	GPCRrhod.HG34.13:NA
Hhon_g10181.t1	GPCRrhod.HG34.14:NA
Hhon_g07664.t1	GPCRrhod.HG34.15:NA
Hhon_g06862.t1	GPCRrhod.HG34.16:NA
Hhon_g09542.t1	GPCRrhod.HG34.16:NA
Hhon_g09919.t1	GPCRrhod.HG34.17:NA
Hhon_g11838.t1	GPCRrhod.HG34.18:NA
Hhon_g07236.t1	GPCRrhod.HG34.20:NA
Hhon_g07235.t1	GPCRrhod.HG34.21:NA
Hhon_g10183.t1	GPCRrhod.HG34.25:NA
Hhon_g09920.t1	GPCRrhod.HG34.26:NA
Hhon_g06483.t1	GPCRrhod.HG34.29:NA
Hhon_g06484.t1	GPCRrhod.HG34.29:NA
Hhon_g06485.t1	GPCRrhod.HG34.29:NA
Hhon_g06486.t1	GPCRrhod.HG34.29:NA
Hhon_g11010.t1	GPCRrhod.HG34.3:NA
Hhon_g11574.t1	GPCRrhod.HG34.3:NA
Hhon_g11575.t1	GPCRrhod.HG34.3:NA
Hhon_g07239.t1	GPCRrhod.HG34.31:NA
Hhon_g09921.t1	GPCRrhod.HG34.31:NA
Hhon_g09922.t1	GPCRrhod.HG34.31:NA
Hhon_g10185.t1	GPCRrhod.HG34.32:NA
Hhon_g05739.t1	GPCRrhod.HG34.33:NA
Hhon_g02733.t1	GPCRrhod.HG34.36:NA
Hhon_g10184.t1	GPCRrhod.HG34.38:NA
Hhon_g09923.t1	GPCRrhod.HG34.39:NA
Hhon_g00522.t1	GPCRrhod.HG34.4:NA
Hhon_g07394.t1	GPCRrhod.HG34.5:NA
Hhon_g03252.t1	GPCRrhod.HG34.7:NA
Hhon_g11007.t1	GPCRrhod.HG34.8:NA
Hhon_g11008.t1	GPCRrhod.HG34.8:NA
Hhon_g11009.t1	GPCRrhod.HG34.9:NA
Hhon_g11576.t1	GPCRrhod.HG34.9:NA
Hhon_g08681.t1	GPCRrhod.HG36.0:NA
Hhon_g09254.t1	GPCRrhod.HG36.1:NA
Hhon_g09256.t1	GPCRrhod.HG36.1:NA
Hhon_g09258.t1	GPCRrhod.HG36.1:NA
Hhon_g04502.t1	GPCRrhod.HG36.10:NA
Hhon_g10437.t1	GPCRrhod.HG36.11:NA
Hhon_g10926.t1	GPCRrhod.HG36.12:NA
Hhon_g10445.t1	GPCRrhod.HG36.13:NA
Hhon_g10450.t1	GPCRrhod.HG36.13:NA
Hhon_g10220.t1	GPCRrhod.HG36.14:NA
Hhon_g10927.t1	GPCRrhod.HG36.15:NA
Hhon_g10438.t1	GPCRrhod.HG36.16:NA
Hhon_g01077.t1	GPCRrhod.HG36.17:NA
Hhon_g01078.t1	GPCRrhod.HG36.18:NA
Hhon_g02899.t1	GPCRrhod.HG36.19:NA
Hhon_g02898.t1	GPCRrhod.HG36.22:NA
Hhon_g04078.t1	GPCRrhod.HG36.24:NA
Hhon_g04076.t1	GPCRrhod.HG36.25:NA
Hhon_g08455.t1	GPCRrhod.HG36.26:NA
Hhon_g08456.t1	GPCRrhod.HG36.26:NA
Hhon_g10440.t1	GPCRrhod.HG36.29:NA
Hhon_g10443.t1	GPCRrhod.HG36.32:NA
Hhon_g10444.t1	GPCRrhod.HG36.33:NA
Hhon_g10442.t1	GPCRrhod.HG36.34:NA
Hhon_g04712.t1	GPCRrhod.HG36.5:NA
Hhon_g07759.t1	GPCRrhod.HG36.6:NA
Hhon_g07225.t1	GPCRrhod.HG36.7:NA
Hhon_g07224.t1	GPCRrhod.HG36.8:NA
Hhon_g06410.t1	GPCRrhod.HG36.9:NA
Hhon_g11794.t1	GPCRrhod.HG37.1:NA
Hhon_g11311.t1	GPCRrhod.HG37.12:NA
Hhon_g11312.t1	GPCRrhod.HG37.12:NA
Hhon_g11313.t1	GPCRrhod.HG37.12:NA
Hhon_g11314.t1	GPCRrhod.HG37.12:NA
Hhon_g09117.t1	GPCRrhod.HG37.16:NA
Hhon_g09118.t1	GPCRrhod.HG37.16:NA
Hhon_g09119.t1	GPCRrhod.HG37.16:NA
Hhon_g11316.t1	GPCRrhod.HG37.17:NA
Hhon_g11453.t1	GPCRrhod.HG37.17:NA
Hhon_g11322.t1	GPCRrhod.HG37.18:NA
Hhon_g11793.t1	GPCRrhod.HG37.18:NA
Hhon_g11309.t1	GPCRrhod.HG37.19:NA
Hhon_g11310.t1	GPCRrhod.HG37.19:NA
Hhon_g11318.t1	GPCRrhod.HG37.21:NA
Hhon_g07398.t1	GPCRrhod.HG37.23:NA
Hhon_g11317.t1	GPCRrhod.HG37.29:NA
Hhon_g11320.t1	GPCRrhod.HG37.3:NA
Hhon_g11321.t1	GPCRrhod.HG37.3:NA
Hhon_g11452.t1	GPCRrhod.HG37.30:NA
Hhon_g11319.t1	GPCRrhod.HG37.5:NA
Hhon_g11315.t1	GPCRrhod.HG37.9:NA
Hhon_g02067.t1	GPCRrhod.HG38.2:FSHR/LHCGR/TSHR
Hhon_g06889.t1	GPCRrhod.HG39.0:like:PTGDR/PTGER1/PTGER2/PTGER3/PTGER4/PTGFR/PTGIR/TBXA2R
Hhon_g08607.t1	GPCRrhod.HG39.5:like:PTGDR/PTGER1/PTGER2/PTGER3/PTGER4/PTGFR/PTGIR/TBXA2R
Hhon_g03675.t1	GPCRrhod.HG39.8:like:PTGDR/PTGER1/PTGER2/PTGER3/PTGER4/PTGFR/PTGIR/TBXA2R
Hhon_g05869.t1	GPCRrhod.HG41.0:NA
Hhon_g11984.t1	GPCRrhod.HG41.11:NA
Hhon_g00843.t1	GPCRrhod.HG41.12:NA
Hhon_g00844.t1	GPCRrhod.HG41.12:NA
Hhon_g00845.t1	GPCRrhod.HG41.13:NA
Hhon_g00842.t1	GPCRrhod.HG41.16:NA
Hhon_g00847.t1	GPCRrhod.HG41.17:NA
Hhon_g05571.t1	GPCRrhod.HG41.2:NA
Hhon_g01327.t1	GPCRrhod.HG41.3:NA
Hhon_g01661.t1	GPCRrhod.HG41.3:NA
Hhon_g03120.t1	GPCRrhod.HG41.3:NA
Hhon_g00862.t1	GPCRrhod.HG41.4:NA
Hhon_g00866.t1	GPCRrhod.HG41.4:NA
Hhon_g00846.t1	GPCRrhod.HG41.6:NA
Hhon_g00865.t1	GPCRrhod.HG41.6:NA
Hhon_g01526.t1	GPCRrhod.HG41.7:NA
Hhon_g11602.t1	GPCRrhod.HG41.8:NA
Hhon_g11603.t1	GPCRrhod.HG41.8:NA
Hhon_g11604.t1	GPCRrhod.HG41.8:NA
Hhon_g11605.t1	GPCRrhod.HG41.8:NA
Hhon_g00849.t1	GPCRrhod.HG41.9:NA
Hhon_g01829.t1	GPCRrhod.HG45.1:NA
Hhon_g01851.t1	GPCRrhod.HG45.10:NA
Hhon_g01852.t1	GPCRrhod.HG45.10:NA
Hhon_g05693.t1	GPCRrhod.HG45.10:NA
Hhon_g05697.t1	GPCRrhod.HG45.11:NA
Hhon_g05699.t1	GPCRrhod.HG45.11:NA
Hhon_g10042.t1	GPCRrhod.HG45.11:NA
Hhon_g01828.t1	GPCRrhod.HG45.3:NA
Hhon_g01827.t1	GPCRrhod.HG45.4:NA
Hhon_g08419.t1	GPCRrhod.HG45.5:NA
Hhon_g01826.t1	GPCRrhod.HG45.6:NA
Hhon_g07652.t1	GPCRrhod.HG45.7:NA
Hhon_g07653.t1	GPCRrhod.HG45.7:NA
Hhon_g08412.t1	GPCRrhod.HG45.7:NA
Hhon_g05698.t1	GPCRrhod.HG45.8:NA
Hhon_g01854.t1	GPCRrhod.HG45.9:NA
Hhon_g01855.t1	GPCRrhod.HG45.9:NA
Hhon_g01856.t1	GPCRrhod.HG45.9:NA
Hhon_g05692.t1	GPCRrhod.HG45.9:NA
Hhon_g05694.t1	GPCRrhod.HG45.9:NA
Hhon_g05695.t1	GPCRrhod.HG45.9:NA
Hhon_g05696.t1	GPCRrhod.HG45.9:NA
Hhon_g08668.t1	GPCRrhod.HG5.2:like:GPR50/MTNR1A/MTNR1B
Hhon_g10810.t1	GPCRrhod.HG5.2:like:GPR50/MTNR1A/MTNR1B
Hhon_g10811.t1	GPCRrhod.HG5.2:like:GPR50/MTNR1A/MTNR1B
Hhon_g10812.t1	GPCRrhod.HG5.2:like:GPR50/MTNR1A/MTNR1B
Hhon_g10813.t1	GPCRrhod.HG5.2:like:GPR50/MTNR1A/MTNR1B
Hhon_g10814.t1	GPCRrhod.HG5.2:like:GPR50/MTNR1A/MTNR1B
Hhon_g10815.t1	GPCRrhod.HG5.2:like:GPR50/MTNR1A/MTNR1B
Hhon_g04574.t1	GPCRrhod.HG51.0:NA
Hhon_g04575.t1	GPCRrhod.HG51.0:NA
Hhon_g06114.t1	GPCRrhod.HG51.0:NA
Hhon_g07254.t1	GPCRrhod.HG51.0:NA
Hhon_g07525.t1	GPCRrhod.HG51.0:NA
Hhon_g07526.t1	GPCRrhod.HG51.0:NA
Hhon_g07527.t1	GPCRrhod.HG51.0:NA
Hhon_g07528.t1	GPCRrhod.HG51.0:NA
Hhon_g07529.t1	GPCRrhod.HG51.0:NA
Hhon_g07530.t1	GPCRrhod.HG51.0:NA
Hhon_g08418.t1	GPCRrhod.HG51.0:NA
Hhon_g08599.t1	GPCRrhod.HG51.0:NA
Hhon_g09573.t1	GPCRrhod.HG51.0:NA
Hhon_g10897.t1	GPCRrhod.HG51.0:NA
Hhon_g10923.t1	GPCRrhod.HG51.0:NA
Hhon_g08016.t1	GPCRrhod.HG52.1:NA
Hhon_g08278.t1	GPCRrhod.HG52.11:NA
Hhon_g04202.t1	GPCRrhod.HG52.14:NA
Hhon_g08276.t1	GPCRrhod.HG52.16:NA
Hhon_g08277.t1	GPCRrhod.HG52.16:NA
Hhon_g11414.t1	GPCRrhod.HG52.16:NA
Hhon_g07865.t1	GPCRrhod.HG52.17:NA
Hhon_g08275.t1	GPCRrhod.HG52.18:NA
Hhon_g04128.t1	GPCRrhod.HG52.19:NA
Hhon_g05480.t1	GPCRrhod.HG52.2:NA
Hhon_g07808.t1	GPCRrhod.HG52.2:NA
Hhon_g01989.t1	GPCRrhod.HG52.3:NA
Hhon_g07103.t1	GPCRrhod.HG52.4:NA
Hhon_g07102.t1	GPCRrhod.HG52.5:NA
Hhon_g04130.t1	GPCRrhod.HG52.6:NA
Hhon_g04131.t1	GPCRrhod.HG52.7:NA
Hhon_g04129.t1	GPCRrhod.HG52.8:NA
Hhon_g01938.t1	GPCRrhod.HG54.10:NA
Hhon_g01935.t1	GPCRrhod.HG54.11:NA
Hhon_g11706.t1	GPCRrhod.HG54.11:NA
Hhon_g01933.t1	GPCRrhod.HG54.12:NA
Hhon_g11708.t1	GPCRrhod.HG54.12:NA
Hhon_g01934.t1	GPCRrhod.HG54.13:NA
Hhon_g11707.t1	GPCRrhod.HG54.13:NA
Hhon_g01946.t1	GPCRrhod.HG54.14:NA
Hhon_g09990.t1	GPCRrhod.HG54.14:NA
Hhon_g01930.t1	GPCRrhod.HG54.16:NA
Hhon_g01932.t1	GPCRrhod.HG54.17:NA
Hhon_g11709.t1	GPCRrhod.HG54.17:NA
Hhon_g01936.t1	GPCRrhod.HG54.3:NA
Hhon_g01939.t1	GPCRrhod.HG54.5:NA
Hhon_g09997.t1	GPCRrhod.HG54.5:NA
Hhon_g01940.t1	GPCRrhod.HG54.6:NA
Hhon_g01941.t1	GPCRrhod.HG54.6:NA
Hhon_g01942.t1	GPCRrhod.HG54.6:NA
Hhon_g01943.t1	GPCRrhod.HG54.6:NA
Hhon_g09992.t1	GPCRrhod.HG54.6:NA
Hhon_g09993.t1	GPCRrhod.HG54.6:NA
Hhon_g09994.t1	GPCRrhod.HG54.6:NA
Hhon_g09995.t1	GPCRrhod.HG54.6:NA
Hhon_g09996.t1	GPCRrhod.HG54.6:NA
Hhon_g01937.t1	GPCRrhod.HG54.7:NA
Hhon_g05493.t1	GPCRrhod.HG59.0:NA
Hhon_g05490.t1	GPCRrhod.HG59.1:NA
Hhon_g11631.t1	GPCRrhod.HG59.1:NA
Hhon_g05496.t1	GPCRrhod.HG59.10:NA
Hhon_g11545.t1	GPCRrhod.HG59.10:NA
Hhon_g05498.t1	GPCRrhod.HG59.12:NA
Hhon_g05499.t1	GPCRrhod.HG59.12:NA
Hhon_g05500.t1	GPCRrhod.HG59.12:NA
Hhon_g05583.t1	GPCRrhod.HG59.12:NA
Hhon_g11547.t1	GPCRrhod.HG59.12:NA
Hhon_g11548.t1	GPCRrhod.HG59.12:NA
Hhon_g05494.t1	GPCRrhod.HG59.2:NA
Hhon_g05492.t1	GPCRrhod.HG59.3:NA
Hhon_g11629.t1	GPCRrhod.HG59.3:NA
Hhon_g05491.t1	GPCRrhod.HG59.4:NA
Hhon_g11630.t1	GPCRrhod.HG59.4:NA
Hhon_g05497.t1	GPCRrhod.HG59.5:NA
Hhon_g11543.t1	GPCRrhod.HG59.5:NA
Hhon_g11544.t1	GPCRrhod.HG59.5:NA
Hhon_g11546.t1	GPCRrhod.HG59.5:NA
Hhon_g11060.t1	GPCRrhod.HG59.7:NA
Hhon_g11063.t1	GPCRrhod.HG59.7:NA
Hhon_g05501.t1	GPCRrhod.HG59.8:NA
Hhon_g04570.t1	GPCRrhod.HG6.1:NA
Hhon_g05025.t1	GPCRrhod.HG6.1:NA
Hhon_g11040.t1	GPCRrhod.HG6.1:NA
Hhon_g04183.t1	GPCRrhod.HG62.0:NA
Hhon_g11665.t1	GPCRrhod.HG62.1:NA
Hhon_g11155.t1	GPCRrhod.HG62.10:NA
Hhon_g11055.t1	GPCRrhod.HG62.11:NA
Hhon_g11153.t1	GPCRrhod.HG62.12:NA
Hhon_g11052.t1	GPCRrhod.HG62.13:NA
Hhon_g11053.t1	GPCRrhod.HG62.13:NA
Hhon_g11666.t1	GPCRrhod.HG62.2:NA
Hhon_g11667.t1	GPCRrhod.HG62.5:NA
Hhon_g04140.t1	GPCRrhod.HG62.7:NA
Hhon_g04141.t1	GPCRrhod.HG62.7:NA
Hhon_g04199.t1	GPCRrhod.HG62.7:NA
Hhon_g11054.t1	GPCRrhod.HG62.8:NA
Hhon_g11056.t1	GPCRrhod.HG62.9:NA
Hhon_g01884.t1	GPCRrhod.HG65.0:NA
Hhon_g08392.t1	GPCRrhod.HG65.1:NA
Hhon_g03287.t1	GPCRrhod.HG65.12:NA
Hhon_g03289.t1	GPCRrhod.HG65.13:NA
Hhon_g02297.t1	GPCRrhod.HG65.2:NA
Hhon_g02298.t1	GPCRrhod.HG65.3:NA
Hhon_g03290.t1	GPCRrhod.HG65.4:NA
Hhon_g03285.t1	GPCRrhod.HG65.5:NA
Hhon_g03286.t1	GPCRrhod.HG65.6:NA
Hhon_g03288.t1	GPCRrhod.HG65.8:NA
Hhon_g05643.t1	GPCRrhod.HG65.9:NA
Hhon_g05644.t1	GPCRrhod.HG65.9:NA
Hhon_g09614.t1	GPCRrhod.HG65.9:NA
Hhon_g09617.t1	GPCRrhod.HG65.9:NA
Hhon_g05736.t1	GPCRrhod.HG71.1:NA
Hhon_g02513.t1	GPCRrhod.HG78.0:NA
Hhon_g02293.t1	GPCRrhod.HG78.1:NA
Hhon_g02295.t1	GPCRrhod.HG78.2:NA
Hhon_g02292.t1	GPCRrhod.HG78.3:NA
Hhon_g10848.t1	GPCRrhod.HG78.3:NA
Hhon_g11384.t1	GPCRrhod.HG78.4:NA
Hhon_g11387.t1	GPCRrhod.HG78.4:NA
Hhon_g09718.t1	GPCRrhod.HG78.5:NA
Hhon_g00398.t1	GPCRrhod.HG80.1:NA
Hhon_g00396.t1	GPCRrhod.HG80.2:NA
Hhon_g10528.t1	GPCRrhod.HG80.5:NA
Hhon_g10518.t1	GPCRrhod.HG80.6:NA
Hhon_g10519.t1	GPCRrhod.HG80.8:NA
Hhon_g03439.t1	GPCRrhod.HG94.0:NA
Hhon_g03453.t1	GPCRrhod.HG94.0:NA
Hhon_g03455.t1	GPCRrhod.HG94.0:NA
Hhon_g03456.t1	GPCRrhod.HG94.0:NA
Hhon_g08750.t1	GPCRrhod.HG94.0:NA
Hhon_g08751.t1	GPCRrhod.HG94.0:NA
Hhon_g08753.t1	GPCRrhod.HG94.0:NA
Hhon_g10749.t1	GPCRrhod.HG94.0:NA
Hhon_g09753.t1	GPCRrhod.Unclassified
Hhon_g00249.t1	GPCRsecr.HG1.14:ADGRB1/ADGRB2/ADGRB3
Hhon_g03235.t1	GPCRsecr.HG1.14:ADGRB1/ADGRB2/ADGRB3
Hhon_g03236.t1	GPCRsecr.HG1.14:ADGRB1/ADGRB2/ADGRB3
Hhon_g03238.t1	GPCRsecr.HG1.14:ADGRB1/ADGRB2/ADGRB3
Hhon_g03460.t1	GPCRsecr.HG1.14:ADGRB1/ADGRB2/ADGRB3
Hhon_g04226.t1	GPCRsecr.HG1.14:ADGRB1/ADGRB2/ADGRB3
Hhon_g04228.t1	GPCRsecr.HG1.14:ADGRB1/ADGRB2/ADGRB3
Hhon_g05092.t1	GPCRsecr.HG1.14:ADGRB1/ADGRB2/ADGRB3
Hhon_g06047.t1	GPCRsecr.HG1.14:ADGRB1/ADGRB2/ADGRB3
Hhon_g06048.t1	GPCRsecr.HG1.14:ADGRB1/ADGRB2/ADGRB3
Hhon_g06052.t1	GPCRsecr.HG1.14:ADGRB1/ADGRB2/ADGRB3
Hhon_g06053.t1	GPCRsecr.HG1.14:ADGRB1/ADGRB2/ADGRB3
Hhon_g06220.t1	GPCRsecr.HG1.14:ADGRB1/ADGRB2/ADGRB3
Hhon_g06278.t1	GPCRsecr.HG1.14:ADGRB1/ADGRB2/ADGRB3
Hhon_g06279.t1	GPCRsecr.HG1.14:ADGRB1/ADGRB2/ADGRB3
Hhon_g08533.t1	GPCRsecr.HG1.14:ADGRB1/ADGRB2/ADGRB3
Hhon_g08535.t1	GPCRsecr.HG1.14:ADGRB1/ADGRB2/ADGRB3
Hhon_g09539.t1	GPCRsecr.HG1.14:ADGRB1/ADGRB2/ADGRB3
Hhon_g10529.t1	GPCRsecr.HG1.14:ADGRB1/ADGRB2/ADGRB3
Hhon_g10530.t1	GPCRsecr.HG1.14:ADGRB1/ADGRB2/ADGRB3
Hhon_g10695.t1	GPCRsecr.HG1.14:ADGRB1/ADGRB2/ADGRB3
Hhon_g10696.t1	GPCRsecr.HG1.14:ADGRB1/ADGRB2/ADGRB3
Hhon_g00884.t1	GPCRsecr.HG1.22:ADGRF1/ADGRF2/ADGRF3/ADGRF4/ADGRF5
Hhon_g00888.t1	GPCRsecr.HG1.22:ADGRF1/ADGRF2/ADGRF3/ADGRF4/ADGRF5
Hhon_g00889.t1	GPCRsecr.HG1.22:ADGRF1/ADGRF2/ADGRF3/ADGRF4/ADGRF5
Hhon_g00890.t1	GPCRsecr.HG1.22:ADGRF1/ADGRF2/ADGRF3/ADGRF4/ADGRF5
Hhon_g00891.t1	GPCRsecr.HG1.22:ADGRF1/ADGRF2/ADGRF3/ADGRF4/ADGRF5
Hhon_g06580.t1	GPCRsecr.HG1.22:ADGRF1/ADGRF2/ADGRF3/ADGRF4/ADGRF5
Hhon_g09977.t1	GPCRsecr.HG1.22:ADGRF1/ADGRF2/ADGRF3/ADGRF4/ADGRF5
Hhon_g10741.t1	GPCRsecr.HG1.22:ADGRF1/ADGRF2/ADGRF3/ADGRF4/ADGRF5
Hhon_g01201.t1	GPCRsecr.HG1.23:like:ADGRA1/ADGRA2/ADGRA3/ADGRV1
Hhon_g00250.t1	GPCRsecr.HG1.26:like:ADGRA1/ADGRA2/ADGRA3/ADGRV1
Hhon_g00640.t1	GPCRsecr.HG1.26:like:ADGRA1/ADGRA2/ADGRA3/ADGRV1
Hhon_g00825.t1	GPCRsecr.HG1.26:like:ADGRA1/ADGRA2/ADGRA3/ADGRV1
Hhon_g02986.t1	GPCRsecr.HG1.26:like:ADGRA1/ADGRA2/ADGRA3/ADGRV1
Hhon_g02987.t1	GPCRsecr.HG1.26:like:ADGRA1/ADGRA2/ADGRA3/ADGRV1
Hhon_g02988.t1	GPCRsecr.HG1.26:like:ADGRA1/ADGRA2/ADGRA3/ADGRV1
Hhon_g05554.t1	GPCRsecr.HG1.26:like:ADGRA1/ADGRA2/ADGRA3/ADGRV1
Hhon_g06325.t1	GPCRsecr.HG1.26:like:ADGRA1/ADGRA2/ADGRA3/ADGRV1
Hhon_g08435.t1	GPCRsecr.HG1.26:like:ADGRA1/ADGRA2/ADGRA3/ADGRV1
Hhon_g08437.t1	GPCRsecr.HG1.26:like:ADGRA1/ADGRA2/ADGRA3/ADGRV1
Hhon_g08593.t1	GPCRsecr.HG1.26:like:ADGRA1/ADGRA2/ADGRA3/ADGRV1
Hhon_g09459.t1	GPCRsecr.HG1.26:like:ADGRA1/ADGRA2/ADGRA3/ADGRV1
Hhon_g09537.t1	GPCRsecr.HG1.26:like:ADGRA1/ADGRA2/ADGRA3/ADGRV1
Hhon_g10924.t1	GPCRsecr.HG1.26:like:ADGRA1/ADGRA2/ADGRA3/ADGRV1
Hhon_g10925.t1	GPCRsecr.HG1.26:like:ADGRA1/ADGRA2/ADGRA3/ADGRV1
Hhon_g11022.t1	GPCRsecr.HG1.26:like:ADGRA1/ADGRA2/ADGRA3/ADGRV1
Hhon_g11023.t1	GPCRsecr.HG1.26:like:ADGRA1/ADGRA2/ADGRA3/ADGRV1
Hhon_g11122.t1	GPCRsecr.HG1.26:like:ADGRA1/ADGRA2/ADGRA3/ADGRV1
Hhon_g11771.t1	GPCRsecr.HG1.26:like:ADGRA1/ADGRA2/ADGRA3/ADGRV1
Hhon_g11818.t1	GPCRsecr.HG1.26:like:ADGRA1/ADGRA2/ADGRA3/ADGRV1
Hhon_g07541.t1	GPCRsecr.HG1.27:like:ADGRA1/ADGRA2/ADGRA3/ADGRV1
Hhon_g06113.t1	GPCRsecr.HG1.28:like:ADGRA1/ADGRA2/ADGRA3/ADGRV1
Hhon_g10898.t1	GPCRsecr.HG1.28:like:ADGRA1/ADGRA2/ADGRA3/ADGRV1
Hhon_g10712.t1	GPCRsecr.HG1.3:like:ADGRA1/ADGRA2/ADGRA3/ADGRB1/ADGRB2/ADGRB3/ADGRD1/ADGRD2/ADGRE1/ADGRE2/ADGRE3/ADGRE5/ADGRF1/ADGRF2/ADGRF3/ADGRF4/ADGRF5/ADGRL1/ADGRL2/ADGRL3/ADGRL4/ADGRV1/CELSR1/CELSR2/CELSR3
Hhon_g10742.t1	GPCRsecr.HG1.3:like:ADGRA1/ADGRA2/ADGRA3/ADGRB1/ADGRB2/ADGRB3/ADGRD1/ADGRD2/ADGRE1/ADGRE2/ADGRE3/ADGRE5/ADGRF1/ADGRF2/ADGRF3/ADGRF4/ADGRF5/ADGRL1/ADGRL2/ADGRL3/ADGRL4/ADGRV1/CELSR1/CELSR2/CELSR3
Hhon_g08183.t1	GPCRsecr.HG1.30:like:ADGRA1/ADGRA2/ADGRA3/ADGRV1
Hhon_g04224.t1	GPCRsecr.HG1.31:like:ADGRA1/ADGRA2/ADGRA3/ADGRV1
Hhon_g08537.t1	GPCRsecr.HG1.31:like:ADGRA1/ADGRA2/ADGRA3/ADGRV1
Hhon_g07542.t1	GPCRsecr.HG1.32:like:ADGRA1/ADGRA2/ADGRA3/ADGRV1
Hhon_g06373.t1	GPCRsecr.HG1.33:like:ADGRA1/ADGRA2/ADGRA3/ADGRV1
Hhon_g06116.t1	GPCRsecr.HG1.34:like:ADGRA1/ADGRA2/ADGRA3/ADGRV1
Hhon_g06118.t1	GPCRsecr.HG1.34:like:ADGRA1/ADGRA2/ADGRA3/ADGRV1
Hhon_g10893.t1	GPCRsecr.HG1.34:like:ADGRA1/ADGRA2/ADGRA3/ADGRV1
Hhon_g10895.t1	GPCRsecr.HG1.34:like:ADGRA1/ADGRA2/ADGRA3/ADGRV1
Hhon_g06119.t1	GPCRsecr.HG1.35:like:ADGRA1/ADGRA2/ADGRA3/ADGRV1
Hhon_g06371.t1	GPCRsecr.HG1.35:like:ADGRA1/ADGRA2/ADGRA3/ADGRV1
Hhon_g06372.t1	GPCRsecr.HG1.35:like:ADGRA1/ADGRA2/ADGRA3/ADGRV1
Hhon_g10892.t1	GPCRsecr.HG1.35:like:ADGRA1/ADGRA2/ADGRA3/ADGRV1
Hhon_g07820.t1	GPCRsecr.HG1.36:like:ADGRA1/ADGRA2/ADGRA3/ADGRV1
Hhon_g11447.t1	GPCRsecr.HG1.36:like:ADGRA1/ADGRA2/ADGRA3/ADGRV1
Hhon_g09073.t1	GPCRsecr.HG1.37:like:ADGRA1/ADGRA2/ADGRA3/ADGRV1
Hhon_g09074.t1	GPCRsecr.HG1.37:like:ADGRA1/ADGRA2/ADGRA3/ADGRV1
Hhon_g09075.t1	GPCRsecr.HG1.37:like:ADGRA1/ADGRA2/ADGRA3/ADGRV1
Hhon_g10982.t1	GPCRsecr.HG1.37:like:ADGRA1/ADGRA2/ADGRA3/ADGRV1
Hhon_g10983.t1	GPCRsecr.HG1.37:like:ADGRA1/ADGRA2/ADGRA3/ADGRV1
Hhon_g10984.t1	GPCRsecr.HG1.37:like:ADGRA1/ADGRA2/ADGRA3/ADGRV1
Hhon_g11448.t1	GPCRsecr.HG1.37:like:ADGRA1/ADGRA2/ADGRA3/ADGRV1
Hhon_g11449.t1	GPCRsecr.HG1.37:like:ADGRA1/ADGRA2/ADGRA3/ADGRV1
Hhon_g11834.t1	GPCRsecr.HG1.37:like:ADGRA1/ADGRA2/ADGRA3/ADGRV1
Hhon_g10130.t1	GPCRsecr.HG1.40:like:ADGRA1/ADGRA2/ADGRA3/ADGRV1
Hhon_g00116.t1	GPCRsecr.HG1.8:ADGRD2
Hhon_g00118.t1	GPCRsecr.HG1.8:ADGRD2
Hhon_g06506.t1	GPCRsecr.HG1.8:ADGRD2
Hhon_g07997.t1	GPCRsecr.HG1.8:ADGRD2
Hhon_g07998.t1	GPCRsecr.HG1.8:ADGRD2
Hhon_g08000.t1	GPCRsecr.HG1.8:ADGRD2
Hhon_g08001.t1	GPCRsecr.HG1.8:ADGRD2
Hhon_g08679.t1	GPCRsecr.HG1.8:ADGRD2
Hhon_g08680.t1	GPCRsecr.HG1.8:ADGRD2
Hhon_g08686.t1	GPCRsecr.HG1.8:ADGRD2
Hhon_g08689.t1	GPCRsecr.HG1.8:ADGRD2
Hhon_g10961.t1	GPCRsecr.HG1.8:ADGRD2
Hhon_g11653.t1	GPCRsecr.HG1.8:ADGRD2
Hhon_g07101.t1	GPCRsecr.HG10.0:NA
Hhon_g01778.t1	GPCRsecr.HG11.0:NA
Hhon_g09900.t1	GPCRsecr.HG11.0:NA
Hhon_g07540.t1	GPCRsecr.HG13.0:NA
Hhon_g01804.t1	GPCRsecr.HG2.0:like:ADGRG1/ADGRG2/ADGRG3/ADGRG4/ADGRG5/ADGRG6/ADGRG7
Hhon_g01812.t1	GPCRsecr.HG2.0:like:ADGRG1/ADGRG2/ADGRG3/ADGRG4/ADGRG5/ADGRG6/ADGRG7
Hhon_g01954.t1	GPCRsecr.HG2.0:like:ADGRG1/ADGRG2/ADGRG3/ADGRG4/ADGRG5/ADGRG6/ADGRG7
Hhon_g01955.t1	GPCRsecr.HG2.0:like:ADGRG1/ADGRG2/ADGRG3/ADGRG4/ADGRG5/ADGRG6/ADGRG7
Hhon_g02170.t1	GPCRsecr.HG2.0:like:ADGRG1/ADGRG2/ADGRG3/ADGRG4/ADGRG5/ADGRG6/ADGRG7
Hhon_g04708.t1	GPCRsecr.HG2.0:like:ADGRG1/ADGRG2/ADGRG3/ADGRG4/ADGRG5/ADGRG6/ADGRG7
Hhon_g07984.t1	GPCRsecr.HG2.0:like:ADGRG1/ADGRG2/ADGRG3/ADGRG4/ADGRG5/ADGRG6/ADGRG7
Hhon_g09503.t1	GPCRsecr.HG2.0:like:ADGRG1/ADGRG2/ADGRG3/ADGRG4/ADGRG5/ADGRG6/ADGRG7
Hhon_g10337.t1	GPCRsecr.HG2.0:like:ADGRG1/ADGRG2/ADGRG3/ADGRG4/ADGRG5/ADGRG6/ADGRG7
Hhon_g10338.t1	GPCRsecr.HG2.0:like:ADGRG1/ADGRG2/ADGRG3/ADGRG4/ADGRG5/ADGRG6/ADGRG7
Hhon_g11541.t1	GPCRsecr.HG2.0:like:ADGRG1/ADGRG2/ADGRG3/ADGRG4/ADGRG5/ADGRG6/ADGRG7
Hhon_g03440.t1	GPCRsecr.HG3.5:NA
Hhon_g03441.t1	GPCRsecr.HG3.5:NA
Hhon_g06973.t1	GPCRsecr.HG7.1:GPR143
Hhon_g05183.t1	LAG1-DNAbind.HG1.0:RBPJ/RBPJL
Hhon_g00195.t1	Ldl_recept_b.Unclassified
Hhon_g04149.t1	Ldl_recept_b.Unclassified
Hhon_g05269.t1	Ldl_recept_b.Unclassified
Hhon_g06075.t1	Ldl_recept_b.Unclassified
Hhon_g04010.t1	MH2.HG1.0:SMAD6/SMAD7
Hhon_g08109.t1	MH2.HG1.1:SMAD4
Hhon_g05417.t1	MH2.HG1.13:like:SMAD2/SMAD3
Hhon_g06533.t1	MH2.HG1.14:SMAD2/SMAD3
Hhon_g11830.t1	MH2.HG1.14:SMAD2/SMAD3
Hhon_g01551.t1	Notch.HG1.1:NOTCH1/NOTCH2/NOTCH3/NOTCH4
Hhon_g02012.t1	Notch.HG1.3:GNPTAB
Hhon_g04014.t1	Patched.HG1.1:like:NPC1/NPC1L1/PTCH1/PTCH2/PTCHD1/PTCHD3/PTCHD4
Hhon_g07714.t1	Patched.HG1.13:NPC1/NPC1L1
Hhon_g06932.t1	Patched.HG1.2:DISP3
Hhon_g02462.t1	Patched.HG1.3:HMGCR
Hhon_g06299.t1	Patched.HG1.4:SCAP
Hhon_g03683.t1	Pkinase.HG1.13:like:STYK1
Hhon_g08807.t1	Pkinase.HG1.7:like:STYK1
Hhon_g08808.t1	Pkinase.HG1.7:like:STYK1
Hhon_g08809.t1	Pkinase.HG1.7:like:STYK1
Hhon_g02963.t1	Pkinase.HG1.8:like:AC058822.1/CSF1R/FGFR1/FGFR2/FGFR3/FGFR4/FLT1/FLT3/FLT4/KDR/KIT/PDGFRA/PDGFRB/RET
Hhon_g02933.t1	Pkinase.HG10.10:STK24/STK25/STK26
Hhon_g04134.t1	Pkinase.HG10.11:MYO3A/MYO3B
Hhon_g02939.t1	Pkinase.HG10.12:MAP4K4/MINK1/NRK/TNIK
Hhon_g03219.t1	Pkinase.HG10.12:MAP4K4/MINK1/NRK/TNIK
Hhon_g05279.t1	Pkinase.HG10.3:OXSR1/STK39
Hhon_g01645.t1	Pkinase.HG10.4:STRADA/STRADB
Hhon_g10109.t1	Pkinase.HG10.5:like:MAP4K1/MAP4K2/MAP4K3/MAP4K4/MAP4K5/MINK1/MYO3A/MYO3B/NRK/SLK/STK3/STK4/STK10/STK24/STK25/STK26/TAOK1/TAOK2/TAOK3/TNIK
Hhon_g06990.t1	Pkinase.HG10.6:TAOK1/TAOK2/TAOK3
Hhon_g00863.t1	Pkinase.HG10.7:SLK/STK10
Hhon_g06638.t1	Pkinase.HG10.8:STK3/STK4
Hhon_g07449.t1	Pkinase.HG12.0:C8orf44-SGK3/SGK1/SGK2/SGK3
Hhon_g09747.t1	Pkinase.HG12.0:C8orf44-SGK3/SGK1/SGK2/SGK3
Hhon_g06571.t1	Pkinase.HG12.1:AKT1/AKT2/AKT3
Hhon_g10573.t1	Pkinase.HG12.10:AL355916.3/PRKCE/PRKCH
Hhon_g04801.t1	Pkinase.HG12.11:PRKCA/PRKCB/PRKCG
Hhon_g10523.t1	Pkinase.HG12.4:like:C8orf44-SGK3/SGK1/SGK2/SGK3
Hhon_g03432.t1	Pkinase.HG12.6:PRKCI/PRKCZ
Hhon_g07532.t1	Pkinase.HG13.1:like:GUCY2C/GUCY2D/GUCY2F/NPR1/NPR2
Hhon_g01654.t1	Pkinase.HG13.14:like:GUCY2C/GUCY2D/GUCY2F/NPR1/NPR2
Hhon_g00715.t1	Pkinase.HG13.15:GUCY2D/GUCY2F
Hhon_g07696.t1	Pkinase.HG13.15:GUCY2D/GUCY2F
Hhon_g04948.t1	Pkinase.HG13.5:like:GUCY2C/GUCY2D/GUCY2F/NPR1/NPR2
Hhon_g03932.t1	Pkinase.HG14.10:RPS6KA4/RPS6KA5
Hhon_g02608.t1	Pkinase.HG14.11:RPS6KB1/RPS6KB2
Hhon_g05473.t1	Pkinase.HG14.12:RPS6KA1/RPS6KA2/RPS6KA3/RPS6KA6
Hhon_g00855.t1	Pkinase.HG14.3:STK32A/STK32B/STK32C
Hhon_g06382.t1	Pkinase.HG14.4:MAPKAPK2/MAPKAPK3
Hhon_g03067.t1	Pkinase.HG14.7:RPS6KC1/RPS6KL1
Hhon_g02576.t1	Pkinase.HG15.0:PRPF4B
Hhon_g05273.t1	Pkinase.HG15.1:CLK1/CLK2/CLK3/CLK4
Hhon_g09946.t1	Pkinase.HG15.10:DYRK2/DYRK3
Hhon_g08245.t1	Pkinase.HG15.3:like:UHMK1
Hhon_g05557.t1	Pkinase.HG15.4:HIPK1/HIPK2/HIPK3/HIPK4
Hhon_g08160.t1	Pkinase.HG15.8:AC005832.4/DYRK4
Hhon_g09106.t1	Pkinase.HG16.0:RNASEL
Hhon_g04848.t1	Pkinase.HG16.1:MASTL
Hhon_g03505.t1	Pkinase.HG16.2:MAST1/MAST2/MAST3/MAST4
Hhon_g08122.t1	Pkinase.HG16.4:STK38/STK38L
Hhon_g03548.t1	Pkinase.HG16.6:ROCK1/ROCK2
Hhon_g06660.t1	Pkinase.HG16.7:CIT
Hhon_g06582.t1	Pkinase.HG16.8:CDC42BPA/CDC42BPB/CDC42BPG/DMPK
Hhon_g00812.t1	Pkinase.HG17.1:MAPK1/MAPK3
Hhon_g09071.t1	Pkinase.HG17.12:MAPK11/MAPK12/MAPK13/MAPK14
Hhon_g02043.t1	Pkinase.HG17.2:MAPK7
Hhon_g02719.t1	Pkinase.HG17.3:NLK
Hhon_g07455.t1	Pkinase.HG17.4:MAPK15
Hhon_g09741.t1	Pkinase.HG17.4:MAPK15
Hhon_g09098.t1	Pkinase.HG17.8:MAPK8/MAPK9/MAPK10
Hhon_g03206.t1	Pkinase.HG18.2:like:RYK
Hhon_g00532.t1	Pkinase.HG19.1:MAP3K2/MAP3K3
Hhon_g07552.t1	Pkinase.HG19.4:MAP3K5/MAP3K6/MAP3K15
Hhon_g08054.t1	Pkinase.HG19.5:MAP3K4
Hhon_g07322.t1	Pkinase.HG19.7:MAP3K19
Hhon_g02300.t1	Pkinase.HG19.8:MAP3K1
Hhon_g07978.t1	Pkinase.HG2.13:CHEK1
Hhon_g09161.t1	Pkinase.HG2.14:STK40
Hhon_g01061.t1	Pkinase.HG2.15:TRIB1/TRIB2/TRIB3
Hhon_g02087.t1	Pkinase.HG2.18:STK11
Hhon_g02088.t1	Pkinase.HG2.18:STK11
Hhon_g09267.t1	Pkinase.HG2.20:MELK
Hhon_g06042.t1	Pkinase.HG2.21:SNRK
Hhon_g02725.t1	Pkinase.HG2.23:CAMKK1/CAMKK2
Hhon_g09281.t1	Pkinase.HG2.24:BRSK1/BRSK2
Hhon_g03499.t1	Pkinase.HG2.25:PRKAA1/PRKAA2
Hhon_g05686.t1	Pkinase.HG2.3:PASK
Hhon_g05392.t1	Pkinase.HG2.32:HUNK
Hhon_g00182.t1	Pkinase.HG2.34:NIM1K
Hhon_g07990.t1	Pkinase.HG2.37:SIK1/SIK1B/SIK2/SIK3
Hhon_g07994.t1	Pkinase.HG2.37:SIK1/SIK1B/SIK2/SIK3
Hhon_g06079.t1	Pkinase.HG2.39:MARK1/MARK2/MARK3/MARK4
Hhon_g07267.t1	Pkinase.HG21.0:like:JAK1/JAK2/JAK3/TYK2
Hhon_g11128.t1	Pkinase.HG21.4:like:EGFR/ERBB2/ERBB3/ERBB4/PTK2/PTK2B/SYK/TNK1/TNK2/ZAP70
Hhon_g09737.t1	Pkinase.HG21.7:PTK2/PTK2B
Hhon_g09854.t1	Pkinase.HG22.0:TTBK1/TTBK2
Hhon_g03986.t1	Pkinase.HG22.1:VRK1/VRK2/VRK3
Hhon_g05759.t1	Pkinase.HG22.11:CSNK1G1/CSNK1G2/CSNK1G3
Hhon_g04374.t1	Pkinase.HG22.8:CSNK1A1/CSNK1A1L
Hhon_g01523.t1	Pkinase.HG22.9:CSNK1D/CSNK1E/TPTEP2-CSNK1E
Hhon_g02425.t1	Pkinase.HG23.0:KALRN/TRIO
Hhon_g02429.t1	Pkinase.HG23.13:MYLK/MYLK2/MYLK3/MYLK4/TTN
Hhon_g02427.t1	Pkinase.HG24.6:NA
Hhon_g08518.t1	Pkinase.HG25.1:CHUK/IKBKB
Hhon_g08519.t1	Pkinase.HG25.1:CHUK/IKBKB
Hhon_g08520.t1	Pkinase.HG25.1:CHUK/IKBKB
Hhon_g09895.t1	Pkinase.HG25.3:STK36
Hhon_g00795.t1	Pkinase.HG25.4:ULK1/ULK2
Hhon_g01224.t1	Pkinase.HG25.5:ULK3
Hhon_g00666.t1	Pkinase.HG25.7:ULK4
Hhon_g04807.t1	Pkinase.HG27.7:ERN1/ERN2
Hhon_g00578.t1	Pkinase.HG28.16:like:ACVR1/ACVR1B/ACVR1C/ACVRL1/BMPR1A/BMPR1B/TGFBR1
Hhon_g00577.t1	Pkinase.HG28.18:ACVR1/ACVRL1/BMPR1A/BMPR1B
Hhon_g05024.t1	Pkinase.HG28.18:ACVR1/ACVRL1/BMPR1A/BMPR1B
Hhon_g08874.t1	Pkinase.HG28.3:ACVR2A/ACVR2B
Hhon_g05963.t1	Pkinase.HG29.15:like:PRKG1
Hhon_g05975.t1	Pkinase.HG29.17:PRKG1
Hhon_g06360.t1	Pkinase.HG3.11:like:TEX14
Hhon_g06358.t1	Pkinase.HG3.17:FER/FES
Hhon_g00231.t1	Pkinase.HG3.21:PTK6/SRMS
Hhon_g00221.t1	Pkinase.HG3.27:FRK
Hhon_g00222.t1	Pkinase.HG3.27:FRK
Hhon_g00223.t1	Pkinase.HG3.27:FRK
Hhon_g00224.t1	Pkinase.HG3.33:like:BLK/FGR/FYN/HCK/LCK/LYN/SRC/YES1
Hhon_g01188.t1	Pkinase.HG3.6:CSK/MATK
Hhon_g01189.t1	Pkinase.HG3.6:CSK/MATK
Hhon_g01331.t1	Pkinase.HG30.2:EPHA1/EPHA2/EPHA3/EPHA4/EPHA5/EPHA6/EPHA7/EPHA8/EPHA10/EPHB1/EPHB2/EPHB3/EPHB4/EPHB6
Hhon_g07210.t1	Pkinase.HG31.0:like:DSTYK
Hhon_g10218.t1	Pkinase.HG31.13:DSTYK
Hhon_g07222.t1	Pkinase.HG31.14:like:DSTYK
Hhon_g07209.t1	Pkinase.HG31.17:like:DSTYK
Hhon_g07211.t1	Pkinase.HG31.18:like:DSTYK
Hhon_g11031.t1	Pkinase.HG31.7:like:DSTYK
Hhon_g11850.t1	Pkinase.HG31.7:like:DSTYK
Hhon_g06459.t1	Pkinase.HG32.14:like:LRRK2
Hhon_g04103.t1	Pkinase.HG33.3:MAP2K5
Hhon_g01237.t1	Pkinase.HG33.4:AC011005.1/MAP2K1/MAP2K2
Hhon_g05889.t1	Pkinase.HG33.4:AC011005.1/MAP2K1/MAP2K2
Hhon_g10828.t1	Pkinase.HG33.5:MAP2K7
Hhon_g03485.t1	Pkinase.HG33.6:MAP2K3/MAP2K6
Hhon_g05508.t1	Pkinase.HG33.7:MAP2K4
Hhon_g02059.t1	Pkinase.HG34.12:like:IRAK1/IRAK2/IRAK3/IRAK4
Hhon_g02060.t1	Pkinase.HG34.12:like:IRAK1/IRAK2/IRAK3/IRAK4
Hhon_g02061.t1	Pkinase.HG34.12:like:IRAK1/IRAK2/IRAK3/IRAK4
Hhon_g02062.t1	Pkinase.HG34.12:like:IRAK1/IRAK2/IRAK3/IRAK4
Hhon_g02063.t1	Pkinase.HG34.12:like:IRAK1/IRAK2/IRAK3/IRAK4
Hhon_g02064.t1	Pkinase.HG34.12:like:IRAK1/IRAK2/IRAK3/IRAK4
Hhon_g02065.t1	Pkinase.HG34.12:like:IRAK1/IRAK2/IRAK3/IRAK4
Hhon_g03874.t1	Pkinase.HG34.12:like:IRAK1/IRAK2/IRAK3/IRAK4
Hhon_g09834.t1	Pkinase.HG34.12:like:IRAK1/IRAK2/IRAK3/IRAK4
Hhon_g09835.t1	Pkinase.HG34.12:like:IRAK1/IRAK2/IRAK3/IRAK4
Hhon_g09836.t1	Pkinase.HG34.12:like:IRAK1/IRAK2/IRAK3/IRAK4
Hhon_g09837.t1	Pkinase.HG34.12:like:IRAK1/IRAK2/IRAK3/IRAK4
Hhon_g09838.t1	Pkinase.HG34.12:like:IRAK1/IRAK2/IRAK3/IRAK4
Hhon_g10208.t1	Pkinase.HG34.12:like:IRAK1/IRAK2/IRAK3/IRAK4
Hhon_g10756.t1	Pkinase.HG34.12:like:IRAK1/IRAK2/IRAK3/IRAK4
Hhon_g10757.t1	Pkinase.HG34.12:like:IRAK1/IRAK2/IRAK3/IRAK4
Hhon_g10758.t1	Pkinase.HG34.12:like:IRAK1/IRAK2/IRAK3/IRAK4
Hhon_g05014.t1	Pkinase.HG35.5:AURKA/AURKB/AURKC
Hhon_g02528.t1	Pkinase.HG36.3:EIF2AK1
Hhon_g03708.t1	Pkinase.HG36.5:EIF2AK4
Hhon_g08033.t1	Pkinase.HG37.1:MOK
Hhon_g00123.t1	Pkinase.HG37.2:CILK1/MAK
Hhon_g01832.t1	Pkinase.HG37.5:AC006486.1/GSK3A/GSK3B
Hhon_g10244.t1	Pkinase.HG38.0:STK16
Hhon_g10131.t1	Pkinase.HG38.1:GAK
Hhon_g01034.t1	Pkinase.HG38.2:AAK1/BMP2K
Hhon_g09904.t1	Pkinase.HG39.2:CDKL2/CDKL3
Hhon_g03738.t1	Pkinase.HG39.5:CDKL1/CDKL4
Hhon_g10579.t1	Pkinase.HG4.10:CDK11A/CDK11B
Hhon_g09947.t1	Pkinase.HG4.11:CDK20
Hhon_g07770.t1	Pkinase.HG4.12:CDK4/CDK6
Hhon_g00569.t1	Pkinase.HG4.13:CDK7
Hhon_g02136.t1	Pkinase.HG4.14:CDK1
Hhon_g08873.t1	Pkinase.HG4.15:CDK2/CDK3
Hhon_g06765.t1	Pkinase.HG4.16:CDK5
Hhon_g04137.t1	Pkinase.HG4.17:CDK14/CDK15
Hhon_g06140.t1	Pkinase.HG4.18:CDK16/CDK17/CDK18
Hhon_g10239.t1	Pkinase.HG4.6:CDK12/CDK13
Hhon_g08787.t1	Pkinase.HG4.7:CDK9
Hhon_g01858.t1	Pkinase.HG4.8:CDK8/CDK19
Hhon_g10170.t1	Pkinase.HG4.8:CDK8/CDK19
Hhon_g02631.t1	Pkinase.HG4.9:CDK10
Hhon_g02723.t1	Pkinase.HG40.10:GRK2/GRK3;RGS.HG2.2:GRK2/GRK3
Hhon_g03729.t1	Pkinase.HG41.3:PAK4/PAK5/PAK6
Hhon_g02931.t1	Pkinase.HG41.5:PAK1/PAK2/PAK3
Hhon_g02777.t1	Pkinase.HG42.1:like:ARAF/BRAF/KSR1/KSR2/RAF1
Hhon_g06009.t1	Pkinase.HG42.3:KSR1/KSR2
Hhon_g06380.t1	Pkinase.HG42.5:ARAF/BRAF/RAF1
Hhon_g02301.t1	Pkinase.HG44.5:AL451136.1/TESK1/TESK2
Hhon_g00273.t1	Pkinase.HG45.0:NRBP1/NRBP2
Hhon_g08521.t1	Pkinase.HG45.1:WNK1/WNK2/WNK3/WNK4
Hhon_g01664.t1	Pkinase.HG47.0:CDC7
Hhon_g02564.t1	Pkinase.HG47.1:CSNK2A1/CSNK2A2/CSNK2A3
Hhon_g02904.t1	Pkinase.HG48.0:PEAK1/PRAG1
Hhon_g01397.t1	Pkinase.HG48.1:PINK1
Hhon_g02423.t1	Pkinase.HG5.11:MAP3K12/MAP3K13
Hhon_g04599.t1	Pkinase.HG5.13:MAP3K9/MAP3K10/MAP3K11/MAP3K21
Hhon_g00146.t1	Pkinase.HG5.21:MOS
Hhon_g11228.t1	Pkinase.HG5.6:ILK
Hhon_g10362.t1	Pkinase.HG5.7:MAP3K7
Hhon_g05777.t1	Pkinase.HG51.1:SCYL1
Hhon_g08601.t1	Pkinase.HG51.3:SCYL2
Hhon_g04840.t1	Pkinase.HG52.0:PKMYT1
Hhon_g10063.t1	Pkinase.HG53.1:SRPK1/SRPK2/SRPK3
Hhon_g07104.t1	Pkinase.HG54.0:TLK1/TLK2
Hhon_g05873.t1	Pkinase.HG55.0:TTK
Hhon_g08375.t1	Pkinase.HG56.0:TP53RK
Hhon_g10295.t1	Pkinase.HG56.0:TP53RK
Hhon_g02658.t1	Pkinase.HG57.0:BUB1
Hhon_g05409.t1	Pkinase.HG58.0:TBCK
Hhon_g00354.t1	Pkinase.HG6.0:like:CHEK2/PRKD1/PRKD2/PRKD3/STK33
Hhon_g00355.t1	Pkinase.HG6.0:like:CHEK2/PRKD1/PRKD2/PRKD3/STK33
Hhon_g00356.t1	Pkinase.HG6.0:like:CHEK2/PRKD1/PRKD2/PRKD3/STK33
Hhon_g05763.t1	Pkinase.HG6.10:PRKD1/PRKD2/PRKD3
Hhon_g05233.t1	Pkinase.HG6.15:CASK
Hhon_g04583.t1	Pkinase.HG6.16:CAMKV
Hhon_g05064.t1	Pkinase.HG6.16:CAMKV
Hhon_g09954.t1	Pkinase.HG6.18:CAMK1/CAMK1D/CAMK1G/PNCK
Hhon_g07025.t1	Pkinase.HG6.19:like:CAMK2A/CAMK2B/CAMK2D/CAMK2G
Hhon_g11995.t1	Pkinase.HG6.19:like:CAMK2A/CAMK2B/CAMK2D/CAMK2G
Hhon_g02356.t1	Pkinase.HG6.2:STK33
Hhon_g01539.t1	Pkinase.HG6.4:DCLK1/DCLK2/DCLK3
Hhon_g00801.t1	Pkinase.HG6.5:CHEK2
Hhon_g08462.t1	Pkinase.HG6.7:CAMK4
Hhon_g06537.t1	Pkinase.HG6.8:PHKG1/PHKG2
Hhon_g09224.t1	Pkinase.HG67.0:POMK
Hhon_g00558.t1	Pkinase.HG68.0:NA
Hhon_g07832.t1	Pkinase.HG7.10:NEK11
Hhon_g07448.t1	Pkinase.HG7.11:like:NEK6/NEK7
Hhon_g00121.t1	Pkinase.HG7.12:like:NEK6/NEK7
Hhon_g01300.t1	Pkinase.HG7.14:STKLD1
Hhon_g10746.t1	Pkinase.HG7.16:NEK4
Hhon_g07315.t1	Pkinase.HG7.17:like:NEK1/NEK3/NEK5/NEK8/NEK9
Hhon_g03922.t1	Pkinase.HG7.19:NEK9
Hhon_g02992.t1	Pkinase.HG7.20:NEK1
Hhon_g02888.t1	Pkinase.HG7.21:like:NEK8
Hhon_g10616.t1	Pkinase.HG7.3:NEK10
Hhon_g06122.t1	Pkinase.HG7.5:PDIK1L/STK35
Hhon_g01675.t1	Pkinase.HG7.8:NEK6/NEK7
Hhon_g04647.t1	Pkinase.HG8.13:PTK7
Hhon_g04714.t1	Pkinase.HG8.16:AATK/IGF1R/INSR/INSRR/LMTK2/LMTK3
Hhon_g04715.t1	Pkinase.HG8.16:AATK/IGF1R/INSR/INSRR/LMTK2/LMTK3
Hhon_g08731.t1	Pkinase.HG8.4:like:AATK/AL132671.2/ALK/DDR1/DDR2/IGF1R/INSR/INSRR/LMTK2/LMTK3/LTK/NTRK1/NTRK2/NTRK3/PTK7/ROS1
Hhon_g01283.t1	Pkinase.HG8.5:DDR1/DDR2
Hhon_g01284.t1	Pkinase.HG8.5:DDR1/DDR2
Hhon_g06572.t1	RGS.HG1.10:like:RGSL1
Hhon_g10853.t1	RGS.HG1.11:RGS6/RGS7/RGS9/RGS11
Hhon_g00113.t1	RGS.HG1.13:RGS22
Hhon_g01310.t1	RGS.HG1.18:like:RGS1/RGS2/RGS3/RGS4/RGS5/RGS8/RGS13/RGS16/RGS17/RGS18/RGS19/RGS20/RGS21
Hhon_g07606.t1	RGS.HG1.21:RGS17/RGS19/RGS20
Hhon_g05479.t1	RGS.HG1.3:SNX14
Hhon_g07807.t1	RGS.HG1.3:SNX14
Hhon_g10880.t1	RGS.HG1.4:SNX13
Hhon_g02668.t1	RGS.HG1.5:AKAP10
Hhon_g07573.t1	RGS.HG1.8:SNX25
Hhon_g03838.t1	RGS.HG3.0:NA
Hhon_g07488.t1	TGF_beta.HG1.13:BMP2/BMP4
Hhon_g06684.t1	TGF_beta.HG1.15:BMP5/BMP6/BMP7/BMP8A/BMP8B
Hhon_g06685.t1	TGF_beta.HG1.15:BMP5/BMP6/BMP7/BMP8A/BMP8B
Hhon_g03527.t1	TGF_beta.HG1.32:like:INHBA/INHBB/INHBC/INHBE
Hhon_g00066.t1	TGF_beta.HG1.4:BMP3/GDF10
Hhon_g01741.t1	TIR.HG1.19:like:MYD88
Hhon_g01742.t1	TIR.HG1.19:like:MYD88
Hhon_g00266.t1	TIR.HG2.10:like:SARM1
Hhon_g07419.t1	TIR.HG2.10:like:SARM1
Hhon_g08043.t1	TIR.HG2.14:like:SARM1
Hhon_g07040.t1	TIR.HG2.15:like:SARM1
Hhon_g07918.t1	TIR.HG2.19:like:SARM1
Hhon_g11841.t1	TIR.HG2.19:like:SARM1
Hhon_g00133.t1	TIR.HG2.25:like:SARM1
Hhon_g02603.t1	TIR.HG2.33:like:SARM1
Hhon_g07813.t1	TIR.HG2.33:like:SARM1
Hhon_g11787.t1	TIR.HG2.33:like:SARM1
Hhon_g08301.t1	TIR.HG2.35:like:SARM1
Hhon_g01242.t1	TIR.HG2.43:like:SARM1
Hhon_g02103.t1	TIR.Unclassified
Hhon_g10513.t1	wnt.HG1.21:WNT7A/WNT7B
Hhon_g06184.t1	wnt.HG1.9:like:WNT16
Hhon_g09670.t1	wnt.HG1.9:like:WNT16
