Tadh_TriadT10902	GPCRglut.HG4.2:NA
Tadh_TriadT11098	GPCRglut.HG2.4:like:GRM1/GRM2/GRM3/GRM4/GRM5/GRM6/GRM7/GRM8
Tadh_TriadT11108	GPCRglut.HG3.7:like:CASR/GPRC6A/TAS1R1/TAS1R2/TAS1R3
Tadh_TriadT11163	GPCRrhod.HG29.19:NA
Tadh_TriadT11320	GPCRglut.HG4.6:NA
Tadh_TriadT1135	GPCRrhod.HG22.29:NA
Tadh_TriadT11427	GPCRglut.HG4.0:NA
Tadh_TriadT11614	GPCRglut.HG4.13:NA
Tadh_TriadT12560	GPCRrhod.HG22.39:NA
Tadh_TriadT12963	GPCRrhod.HG38.2:FSHR/LHCGR/TSHR
Tadh_TriadT13382	GPCRglut.HG4.0:NA
Tadh_TriadT14401	GPCRrhod.HG51.0:NA
Tadh_TriadT14559	GPCRrhod.HG22.30:NA
Tadh_TriadT14615	GPCRrhod.HG1.2:like:AC144573.1/ADORA1/ADORA2A/ADORA2B/ADORA3/ADRA1A/ADRA1B/ADRA1D/ADRA2A/ADRA2B/ADRA2C/ADRB1/ADRB2/ADRB3/CHRM1/CHRM2/CHRM3/CHRM4/CHRM5/DRD1/DRD2/DRD3/DRD4/DRD5/GPR21/GPR26/GPR45/GPR52/GPR63/GPR78/GPR101/GPR119/GPR135/GPR161/HRH1/HRH2/HRH3/HRH4/HTR1A/HTR1B/HTR1D/HTR1E/HTR1F/HTR2A/HTR2B/HTR2C/HTR4/HTR5A/HTR6/HTR7/TMIGD3
Tadh_TriadT14770	GPCRrhod.HG2.44:like:NPFFR1/NPFFR2
Tadh_TriadT14966	GPCRglut.HG4.0:NA
Tadh_TriadT15129	GPCRrhod.HG41.16:NA
Tadh_TriadT15193	GPCRglut.HG4.5:NA
Tadh_TriadT15334	GPCRrhod.HG22.25:NA
Tadh_TriadT15366	GPCRrhod.HG62.7:NA
Tadh_TriadT15389	GPCRrhod.HG2.2:like:CCKAR/CCKBR/GHSR/GPR19/GPR39/GPR83/GPR176/HCRTR1/HCRTR2/MLNR/NMUR1/NMUR2/NPFFR1/NPFFR2/NPY1R/NPY2R/NPY4R/NPY4R2/NPY5R/NTSR1/NTSR2/PRLHR/PROKR1/PROKR2/QRFPR/TACR1/TACR2/TACR3/TRHR
Tadh_TriadT15459	GPCRrhod.HG29.0:NA
Tadh_TriadT15472	GPCRrhod.HG62.6:NA
Tadh_TriadT15553	GPCRrhod.HG16.0:RXFP1/RXFP2
Tadh_TriadT15610	GPCRrhod.HG22.15:NA
Tadh_TriadT15639	GPCRrhod.HG22.10:NA
Tadh_TriadT15646	GPCRrhod.HG22.35:NA
Tadh_TriadT15905	GPCRrhod.HG78.5:NA
Tadh_TriadT16716	GPCRglut.HG1.35:like:GABBR1/GABBR2
Tadh_TriadT16798	GPCRrhod.HG2.51:like:NPFFR1/NPFFR2
Tadh_TriadT17025	GPCRrhod.HG22.28:NA
Tadh_TriadT17306	GPCRsecr.HG1.35:like:ADGRA1/ADGRA2/ADGRA3/ADGRV1
Tadh_TriadT17345	GPCRsecr.HG1.8:ADGRD2
Tadh_TriadT17498	GPCRsecr.HG1.14:ADGRB1/ADGRB2/ADGRB3
Tadh_TriadT18128	GPCRrhod.HG22.16:NA
Tadh_TriadT18229	GPCRrhod.HG22.67:NA
Tadh_TriadT18299	GPCRrhod.HG2.13:like:GPR19/GPR176
Tadh_TriadT18468	GPCRrhod.HG2.3:like:CCKAR/CCKBR/GHSR/GPR19/GPR39/GPR83/GPR176/HCRTR1/HCRTR2/MLNR/NMUR1/NMUR2/NPFFR1/NPFFR2/NPY1R/NPY2R/NPY4R/NPY4R2/NPY5R/NTSR1/NTSR2/PRLHR/PROKR1/PROKR2/QRFPR/TACR1/TACR2/TACR3/TRHR
Tadh_TriadT18816	GPCRglut.HG1.34:like:GABBR1/GABBR2
Tadh_TriadT19201	GPCRrhod.HG38.2:FSHR/LHCGR/TSHR
Tadh_TriadT19440	GPCRrhod.HG1.18:like:GPR45/GPR63
Tadh_TriadT19985	GPCRrhod.HG22.7:NA
Tadh_TriadT20304	GPCRglut.HG1.30:like:GABBR1/GABBR2
Tadh_TriadT20600	GPCRrhod.HG22.49:NA
Tadh_TriadT21318	GPCRrhod.HG22.38:NA
Tadh_TriadT21335	GPCRrhod.HG22.50:NA
Tadh_TriadT21782	GPCRrhod.HG29.0:NA
Tadh_TriadT21906	GPCRrhod.HG99.0:GPR27/GPR85/GPR173
Tadh_TriadT23413	GPCRrhod.HG62.4:NA
Tadh_TriadT23455	GPCRrhod.HG62.2:NA
Tadh_TriadT23992	GPCRsecr.HG1.8:ADGRD2
Tadh_TriadT24251	GPCRsecr.HG1.8:ADGRD2
Tadh_TriadT24297	GPCRrhod.HG62.0:NA
Tadh_TriadT24350	GPCRglut.HG1.23:like:GABBR1/GABBR2
Tadh_TriadT24356	GPCRrhod.HG12.12:NA
Tadh_TriadT24452	GPCRrhod.HG62.5:NA
Tadh_TriadT24542	GPCRsecr.HG1.8:ADGRD2
Tadh_TriadT24941	GPCRrhod.HG16.0:RXFP1/RXFP2
Tadh_TriadT25328	GPCRglut.HG4.12:NA
Tadh_TriadT25549	GPCRglut.HG2.4:like:GRM1/GRM2/GRM3/GRM4/GRM5/GRM6/GRM7/GRM8
Tadh_TriadT25957	GPCRrhod.HG29.1:NA
Tadh_TriadT26009	GPCRrhod.HG1.33:like:AC144573.1/ADORA1/ADORA2A/ADORA2B/ADORA3/ADRA1A/ADRA1B/ADRA1D/ADRA2A/ADRA2B/ADRA2C/ADRB1/ADRB2/ADRB3/CHRM1/CHRM2/CHRM3/CHRM4/CHRM5/DRD1/DRD2/DRD3/DRD4/DRD5/GPR21/GPR26/GPR45/GPR52/GPR63/GPR78/GPR101/GPR119/GPR135/GPR161/HRH1/HRH2/HRH3/HRH4/HTR1A/HTR1B/HTR1D/HTR1E/HTR1F/HTR2A/HTR2B/HTR2C/HTR4/HTR5A/HTR6/HTR7/TMIGD3
Tadh_TriadT26040	GPCRrhod.HG1.51:like:AC144573.1/ADORA1/ADORA2A/ADORA2B/ADORA3/ADRA1A/ADRA1B/ADRA1D/ADRA2A/ADRA2B/ADRA2C/ADRB1/ADRB2/ADRB3/CHRM1/CHRM2/CHRM3/CHRM4/CHRM5/DRD1/DRD2/DRD3/DRD4/DRD5/GPR21/GPR26/GPR45/GPR52/GPR63/GPR78/GPR101/GPR119/GPR135/GPR161/HRH1/HRH2/HRH3/HRH4/HTR1A/HTR1B/HTR1D/HTR1E/HTR1F/HTR2A/HTR2B/HTR2C/HTR4/HTR5A/HTR6/HTR7/TMIGD3
Tadh_TriadT26726	GPCRglut.HG1.10:like:GABBR1/GABBR2
Tadh_TriadT2811	GPCRglut.HG4.2:NA
Tadh_TriadT28157	GPCRrhod.HG41.12:NA
Tadh_TriadT28334	GPCRrhod.HG41.9:NA
Tadh_TriadT28568	GPCRglut.HG1.30:like:GABBR1/GABBR2
Tadh_TriadT28937	GPCRglut.HG1.30:like:GABBR1/GABBR2
Tadh_TriadT29004	GPCRrhod.HG29.0:NA
Tadh_TriadT29133	GPCRrhod.HG29.0:NA
Tadh_TriadT29209	GPCRrhod.HG104.1:NA
Tadh_TriadT29468	GPCRrhod.HG29.22:NA
Tadh_TriadT29555	GPCRglut.HG4.7:NA
Tadh_TriadT29561	GPCRglut.HG4.0:NA
Tadh_TriadT29583	GPCRglut.HG4.0:NA
Tadh_TriadT29589	GPCRglut.HG4.7:NA
Tadh_TriadT29604	GPCRglut.HG4.0:NA
Tadh_TriadT29616	GPCRrhod.HG29.13:NA
Tadh_TriadT29631	GPCRglut.HG4.0:NA
Tadh_TriadT29642	GPCRrhod.HG29.41:NA
Tadh_TriadT29682	GPCRrhod.HG29.28:NA
Tadh_TriadT29696	GPCRrhod.HG1.42:like:AC144573.1/ADORA1/ADORA2A/ADORA2B/ADORA3/ADRA1A/ADRA1B/ADRA1D/ADRA2A/ADRA2B/ADRA2C/ADRB1/ADRB2/ADRB3/CHRM1/CHRM2/CHRM3/CHRM4/CHRM5/DRD1/DRD2/DRD3/DRD4/DRD5/GPR119/HRH1/HRH2/HRH3/HRH4/HTR1A/HTR1B/HTR1D/HTR1E/HTR1F/HTR2A/HTR2B/HTR2C/HTR4/HTR5A/HTR6/HTR7/TMIGD3
Tadh_TriadT29844	GPCRrhod.HG78.7:NA
Tadh_TriadT30238	GPCRrhod.HG22.71:NA
Tadh_TriadT30267	GPCRglut.HG1.42:like:GABBR1/GABBR2
Tadh_TriadT30368	GPCRrhod.HG10.57:NA
Tadh_TriadT30372	GPCRrhod.HG12.72:NA
Tadh_TriadT30374	GPCRglut.HG1.29:like:GABBR1/GABBR2
Tadh_TriadT30381	GPCRrhod.HG78.4:NA
Tadh_TriadT30388	GPCRrhod.HG16.0:RXFP1/RXFP2
Tadh_TriadT30558	GPCRsecr.HG1.36:like:ADGRA1/ADGRA2/ADGRA3/ADGRV1
Tadh_TriadT31042	GPCRrhod.HG22.43:NA
Tadh_TriadT31502	GPCRsecr.HG1.14:ADGRB1/ADGRB2/ADGRB3
Tadh_TriadT3154	GPCRrhod.HG2.45:like:NPFFR1/NPFFR2
Tadh_TriadT31670	GPCRrhod.HG10.56:NA
Tadh_TriadT31690	GPCRrhod.HG10.43:NA
Tadh_TriadT31783	GPCRrhod.HG22.11:NA
Tadh_TriadT32194	GPCRrhod.HG22.16:NA
Tadh_TriadT32301	GPCRrhod.HG22.8:NA
Tadh_TriadT32302	GPCRrhod.HG22.2:NA
Tadh_TriadT32658	GPCRrhod.HG22.20:NA
Tadh_TriadT32666	GPCRrhod.HG22.6:NA
Tadh_TriadT32714	GPCRrhod.HG22.6:NA
Tadh_TriadT32924	GPCRrhod.HG1.28:like:AC144573.1/ADORA1/ADORA2A/ADORA2B/ADORA3/ADRA1A/ADRA1B/ADRA1D/ADRA2A/ADRA2B/ADRA2C/ADRB1/ADRB2/ADRB3/CHRM1/CHRM2/CHRM3/CHRM4/CHRM5/DRD1/DRD2/DRD3/DRD4/DRD5/GPR21/GPR26/GPR45/GPR52/GPR63/GPR78/GPR101/GPR119/GPR135/GPR161/HRH1/HRH2/HRH3/HRH4/HTR1A/HTR1B/HTR1D/HTR1E/HTR1F/HTR2A/HTR2B/HTR2C/HTR4/HTR5A/HTR6/HTR7/TMIGD3
Tadh_TriadT32926	GPCRrhod.HG2.45:like:NPFFR1/NPFFR2
Tadh_TriadT33101	GPCRsecr.HG1.8:ADGRD2
Tadh_TriadT33124	GPCRsecr.HG1.8:ADGRD2
Tadh_TriadT33142	GPCRrhod.HG32.10:NA
Tadh_TriadT33357	GPCRrhod.HG22.56:NA
Tadh_TriadT33361	GPCRrhod.HG22.48:NA
Tadh_TriadT33371	GPCRrhod.HG22.55:NA
Tadh_TriadT33541	GPCRsecr.HG1.8:ADGRD2
Tadh_TriadT33970	GPCRrhod.HG1.41:like:AC144573.1/ADORA1/ADORA2A/ADORA2B/ADORA3/ADRA1A/ADRA1B/ADRA1D/ADRA2A/ADRA2B/ADRA2C/ADRB1/ADRB2/ADRB3/CHRM1/CHRM2/CHRM3/CHRM4/CHRM5/DRD1/DRD2/DRD3/DRD4/DRD5/GPR119/HRH1/HRH2/HRH3/HRH4/HTR1A/HTR1B/HTR1D/HTR1E/HTR1F/HTR2A/HTR2B/HTR2C/HTR4/HTR5A/HTR6/HTR7/TMIGD3
Tadh_TriadT34175	GPCRrhod.HG29.22:NA
Tadh_TriadT34297	GPCRrhod.HG12.47:NA
Tadh_TriadT34350	GPCRrhod.HG22.8:NA
Tadh_TriadT34582	GPCRrhod.HG10.68:NA
Tadh_TriadT34852	GPCRrhod.HG22.41:NA
Tadh_TriadT34883	GPCRrhod.HG37.15:NA
Tadh_TriadT35067	GPCRrhod.HG52.13:NA
Tadh_TriadT36385	GPCRrhod.HG51.0:NA
Tadh_TriadT3737	GPCRrhod.HG22.47:NA
Tadh_TriadT3740	GPCRrhod.HG22.46:NA
Tadh_TriadT3759	GPCRrhod.HG1.20:like:AC144573.1/ADORA1/ADORA2A/ADORA2B/ADORA3/ADRA1A/ADRA1B/ADRA1D/ADRA2A/ADRA2B/ADRA2C/ADRB1/ADRB2/ADRB3/CHRM1/CHRM2/CHRM3/CHRM4/CHRM5/DRD1/DRD2/DRD3/DRD4/DRD5/GPR21/GPR26/GPR45/GPR52/GPR63/GPR78/GPR101/GPR119/GPR135/GPR161/HRH1/HRH2/HRH3/HRH4/HTR1A/HTR1B/HTR1D/HTR1E/HTR1F/HTR2A/HTR2B/HTR2C/HTR4/HTR5A/HTR6/HTR7/TMIGD3
Tadh_TriadT3775	GPCRrhod.HG32.5:NA
Tadh_TriadT3799	GPCRrhod.HG62.3:NA
Tadh_TriadT38210	GPCRrhod.HG22.72:NA
Tadh_TriadT3838	GPCRrhod.HG32.24:NA
Tadh_TriadT4017	GPCRrhod.HG41.17:NA
Tadh_TriadT4188	GPCRrhod.HG1.20:like:AC144573.1/ADORA1/ADORA2A/ADORA2B/ADORA3/ADRA1A/ADRA1B/ADRA1D/ADRA2A/ADRA2B/ADRA2C/ADRB1/ADRB2/ADRB3/CHRM1/CHRM2/CHRM3/CHRM4/CHRM5/DRD1/DRD2/DRD3/DRD4/DRD5/GPR21/GPR26/GPR45/GPR52/GPR63/GPR78/GPR101/GPR119/GPR135/GPR161/HRH1/HRH2/HRH3/HRH4/HTR1A/HTR1B/HTR1D/HTR1E/HTR1F/HTR2A/HTR2B/HTR2C/HTR4/HTR5A/HTR6/HTR7/TMIGD3
Tadh_TriadT4311	GPCRrhod.HG2.48:like:NPFFR1/NPFFR2
Tadh_TriadT4321	GPCRrhod.HG22.8:NA
Tadh_TriadT4322	GPCRrhod.HG1.42:like:AC144573.1/ADORA1/ADORA2A/ADORA2B/ADORA3/ADRA1A/ADRA1B/ADRA1D/ADRA2A/ADRA2B/ADRA2C/ADRB1/ADRB2/ADRB3/CHRM1/CHRM2/CHRM3/CHRM4/CHRM5/DRD1/DRD2/DRD3/DRD4/DRD5/GPR119/HRH1/HRH2/HRH3/HRH4/HTR1A/HTR1B/HTR1D/HTR1E/HTR1F/HTR2A/HTR2B/HTR2C/HTR4/HTR5A/HTR6/HTR7/TMIGD3
Tadh_TriadT4346	GPCRrhod.HG41.3:NA
Tadh_TriadT4509	GPCRrhod.HG108.1:NA
Tadh_TriadT4556	GPCRrhod.HG2.42:like:NPFFR1/NPFFR2
Tadh_TriadT5049	GPCRrhod.HG2.45:like:NPFFR1/NPFFR2
Tadh_TriadT51324	GPCRglut.HG1.32:like:GABBR1/GABBR2
Tadh_TriadT51325	GPCRglut.HG1.38:like:GABBR1/GABBR2
Tadh_TriadT51330	GPCRglut.HG1.39:like:GABBR1/GABBR2
Tadh_TriadT51333	GPCRglut.HG1.33:like:GABBR1/GABBR2
Tadh_TriadT51358	GPCRglut.HG1.22:like:GABBR1/GABBR2
Tadh_TriadT51384	GPCRrhod.HG10.2:NA
Tadh_TriadT51389	GPCRrhod.HG2.3:like:CCKAR/CCKBR/GHSR/GPR19/GPR39/GPR83/GPR176/HCRTR1/HCRTR2/MLNR/NMUR1/NMUR2/NPFFR1/NPFFR2/NPY1R/NPY2R/NPY4R/NPY4R2/NPY5R/NTSR1/NTSR2/PRLHR/PROKR1/PROKR2/QRFPR/TACR1/TACR2/TACR3/TRHR
Tadh_TriadT51391	GPCRrhod.HG78.6:NA
Tadh_TriadT51509	GPCRrhod.HG10.94:NA
Tadh_TriadT51521	GPCRrhod.HG51.0:NA
Tadh_TriadT51529	GPCRrhod.HG39.5:like:PTGDR/PTGER1/PTGER2/PTGER3/PTGER4/PTGFR/PTGIR/TBXA2R
Tadh_TriadT51534	GPCRrhod.HG2.45:like:NPFFR1/NPFFR2
Tadh_TriadT51667	GPCRrhod.HG29.6:NA
Tadh_TriadT51668	GPCRrhod.HG29.7:NA
Tadh_TriadT51669	GPCRrhod.HG29.8:NA
Tadh_TriadT51670	GPCRrhod.HG29.25:NA
Tadh_TriadT51671	GPCRrhod.HG29.24:NA
Tadh_TriadT51672	GPCRrhod.HG29.9:NA
Tadh_TriadT51773	GPCRglut.HG1.37:like:GABBR1/GABBR2
Tadh_TriadT51774	GPCRglut.HG1.36:like:GABBR1/GABBR2
Tadh_TriadT51775	GPCRglut.HG1.31:like:GABBR1/GABBR2
Tadh_TriadT51779	GPCRglut.HG1.28:like:GABBR1/GABBR2
Tadh_TriadT51796	GPCRrhod.HG22.5:NA
Tadh_TriadT51798	GPCRrhod.HG22.4:NA
Tadh_TriadT51801	GPCRrhod.HG10.59:NA
Tadh_TriadT51874	GPCRrhod.HG39.8:like:PTGDR/PTGER1/PTGER2/PTGER3/PTGER4/PTGFR/PTGIR/TBXA2R
Tadh_TriadT51877	GPCRrhod.HG10.63:NA
Tadh_TriadT51878	GPCRrhod.HG10.105:NA
Tadh_TriadT51879	GPCRrhod.HG10.98:NA
Tadh_TriadT5190	GPCRrhod.HG29.0:NA
Tadh_TriadT5191	GPCRrhod.HG59.5:NA
Tadh_TriadT51946	GPCRrhod.HG71.1:NA
Tadh_TriadT51954	GPCRglut.HG1.1:like:GABBR1/GABBR2/GPR156
Tadh_TriadT52023	GPCRrhod.HG25.1:NA
Tadh_TriadT52024	GPCRrhod.HG25.1:NA
Tadh_TriadT52030	GPCRsecr.HG1.30:like:ADGRA1/ADGRA2/ADGRA3/ADGRV1
Tadh_TriadT52069	GPCRsecr.HG1.14:ADGRB1/ADGRB2/ADGRB3
Tadh_TriadT52071	GPCRsecr.HG1.14:ADGRB1/ADGRB2/ADGRB3
Tadh_TriadT52250	GPCRrhod.HG36.19:NA
Tadh_TriadT52251	GPCRrhod.HG36.22:NA
Tadh_TriadT52294	GPCRrhod.HG36.24:NA
Tadh_TriadT52295	GPCRrhod.HG36.25:NA
Tadh_TriadT52540	GPCRrhod.HG25.1:NA
Tadh_TriadT52576	GPCRglut.HG1.11:like:GABBR1/GABBR2/GPR156
Tadh_TriadT52577	GPCRglut.HG1.9:like:GABBR1/GABBR2/GPR156
Tadh_TriadT52578	GPCRglut.HG1.5:like:GABBR1/GABBR2/GPR156
Tadh_TriadT52579	GPCRglut.HG1.5:like:GABBR1/GABBR2/GPR156
Tadh_TriadT52581	GPCRglut.HG1.7:like:GABBR1/GABBR2/GPR156
Tadh_TriadT52582	GPCRglut.HG1.4:like:GABBR1/GABBR2/GPR156
Tadh_TriadT52598	GPCRrhod.HG25.1:NA
Tadh_TriadT52615	GPCRsecr.HG1.14:ADGRB1/ADGRB2/ADGRB3
Tadh_TriadT52616	GPCRsecr.HG1.14:ADGRB1/ADGRB2/ADGRB3
Tadh_TriadT52620	GPCRsecr.HG1.14:ADGRB1/ADGRB2/ADGRB3
Tadh_TriadT52625	GPCRrhod.HG10.35:NA
Tadh_TriadT52633	GPCRrhod.HG1.42:like:AC144573.1/ADORA1/ADORA2A/ADORA2B/ADORA3/ADRA1A/ADRA1B/ADRA1D/ADRA2A/ADRA2B/ADRA2C/ADRB1/ADRB2/ADRB3/CHRM1/CHRM2/CHRM3/CHRM4/CHRM5/DRD1/DRD2/DRD3/DRD4/DRD5/GPR119/HRH1/HRH2/HRH3/HRH4/HTR1A/HTR1B/HTR1D/HTR1E/HTR1F/HTR2A/HTR2B/HTR2C/HTR4/HTR5A/HTR6/HTR7/TMIGD3
Tadh_TriadT52708	GPCRrhod.HG122.0:NA
Tadh_TriadT52809	GPCRrhod.HG12.31:NA
Tadh_TriadT52932	GPCRrhod.HG10.74:NA
Tadh_TriadT52955	GPCRrhod.HG25.1:NA
Tadh_TriadT52957	GPCRrhod.HG25.1:NA
Tadh_TriadT52978	GPCRrhod.HG52.2:NA
Tadh_TriadT52983	GPCRglut.HG1.6:GABBR1/GABBR2
Tadh_TriadT53317	GPCRrhod.HG25.1:NA
Tadh_TriadT53318	GPCRrhod.HG25.1:NA
Tadh_TriadT53361	GPCRrhod.HG41.3:NA
Tadh_TriadT53362	GPCRrhod.HG41.3:NA
Tadh_TriadT53369	GPCRrhod.HG108.0:NA
Tadh_TriadT53370	GPCRrhod.HG108.2:NA
Tadh_TriadT53608	GPCRrhod.HG41.7:NA
Tadh_TriadT53612	GPCRrhod.HG10.6:NA
Tadh_TriadT53775	GPCRrhod.HG10.5:NA
Tadh_TriadT53794	GPCRrhod.HG22.27:NA
Tadh_TriadT53796	GPCRrhod.HG22.26:NA
Tadh_TriadT53885	GPCRrhod.HG107.2:NA
Tadh_TriadT53973	GPCRrhod.HG10.24:NA
Tadh_TriadT54000	GPCRrhod.HG25.1:NA
Tadh_TriadT54003	GPCRrhod.HG10.66:NA
Tadh_TriadT54038	GPCRrhod.HG25.1:NA
Tadh_TriadT54039	GPCRrhod.HG25.1:NA
Tadh_TriadT54040	GPCRrhod.HG25.1:NA
Tadh_TriadT54041	GPCRrhod.HG10.69:NA
Tadh_TriadT54063	GPCRrhod.HG131.1:NA
Tadh_TriadT54151	GPCRrhod.HG22.34:NA
Tadh_TriadT54207	GPCRrhod.HG171.0:NA
Tadh_TriadT54260	GPCRsecr.HG1.26:like:ADGRA1/ADGRA2/ADGRA3/ADGRV1
Tadh_TriadT54290	GPCRglut.HG4.11:NA
Tadh_TriadT54303	GPCRrhod.HG32.2:NA
Tadh_TriadT54306	GPCRsecr.HG1.26:like:ADGRA1/ADGRA2/ADGRA3/ADGRV1
Tadh_TriadT54417	GPCRrhod.HG173.0:NA
Tadh_TriadT54494	GPCRrhod.HG52.8:NA
Tadh_TriadT54513	GPCRrhod.HG51.0:NA
Tadh_TriadT54536	GPCRrhod.HG10.65:NA
Tadh_TriadT54537	GPCRrhod.HG10.67:NA
Tadh_TriadT54538	GPCRrhod.HG10.68:NA
Tadh_TriadT54629	GPCRsecr.HG1.23:like:ADGRA1/ADGRA2/ADGRA3/ADGRV1
Tadh_TriadT5463	GPCRrhod.HG5.2:like:GPR50/MTNR1A/MTNR1B
Tadh_TriadT5465	GPCRrhod.HG59.3:NA
Tadh_TriadT54794	GPCRsecr.HG2.0:like:ADGRG1/ADGRG2/ADGRG3/ADGRG4/ADGRG5/ADGRG6/ADGRG7
Tadh_TriadT54955	GPCRglut.HG1.30:like:GABBR1/GABBR2
Tadh_TriadT54957	GPCRglut.HG1.30:like:GABBR1/GABBR2
Tadh_TriadT55121	GPCRrhod.HG22.0:NA
Tadh_TriadT55138	GPCRrhod.HG32.8:NA
Tadh_TriadT55249	GPCRglut.HG4.2:NA
Tadh_TriadT55330	GPCRrhod.HG25.1:NA
Tadh_TriadT55368	GPCRrhod.HG29.0:NA
Tadh_TriadT55385	GPCRglut.HG1.44:like:GABBR1/GABBR2
Tadh_TriadT55386	GPCRglut.HG1.45:like:GABBR1/GABBR2
Tadh_TriadT55425	GPCRglut.HG1.20:like:GABBR1/GABBR2
Tadh_TriadT55426	GPCRglut.HG1.20:like:GABBR1/GABBR2
Tadh_TriadT55428	GPCRglut.HG1.20:like:GABBR1/GABBR2
Tadh_TriadT55500	GPCRglut.HG1.8:like:GABBR1/GABBR2/GPR156
Tadh_TriadT55503	GPCRrhod.HG25.1:NA
Tadh_TriadT55504	GPCRrhod.HG25.1:NA
Tadh_TriadT55595	GPCRrhod.HG78.0:NA
Tadh_TriadT55699	GPCRrhod.HG10.88:NA
Tadh_TriadT5569	GPCRrhod.HG62.5:NA
Tadh_TriadT55849	GPCRrhod.HG10.87:NA
Tadh_TriadT55850	GPCRrhod.HG10.86:NA
Tadh_TriadT55851	GPCRrhod.HG10.110:NA
Tadh_TriadT55852	GPCRrhod.HG10.109:NA
Tadh_TriadT55856	GPCRrhod.HG10.107:NA
Tadh_TriadT55870	GPCRsecr.HG1.22:ADGRF1/ADGRF2/ADGRF3/ADGRF4/ADGRF5
Tadh_TriadT55871	GPCRsecr.HG1.22:ADGRF1/ADGRF2/ADGRF3/ADGRF4/ADGRF5
Tadh_TriadT55873	GPCRrhod.HG25.1:NA
Tadh_TriadT55874	GPCRrhod.HG25.1:NA
Tadh_TriadT55875	GPCRsecr.HG1.22:ADGRF1/ADGRF2/ADGRF3/ADGRF4/ADGRF5
Tadh_TriadT55893	GPCRrhod.HG65.7:NA
Tadh_TriadT55894	GPCRrhod.HG65.10:NA
Tadh_TriadT55895	GPCRrhod.HG65.12:NA
Tadh_TriadT55896	GPCRrhod.HG65.5:NA
Tadh_TriadT55912	GPCRrhod.HG10.70:NA
Tadh_TriadT55923	GPCRrhod.HG25.1:NA
Tadh_TriadT55924	GPCRrhod.HG25.1:NA
Tadh_TriadT55942	GPCRsecr.HG1.14:ADGRB1/ADGRB2/ADGRB3
Tadh_TriadT55944	GPCRsecr.HG1.14:ADGRB1/ADGRB2/ADGRB3
Tadh_TriadT55989	GPCRsecr.HG1.8:ADGRD2
Tadh_TriadT55994	GPCRsecr.HG1.8:ADGRD2
Tadh_TriadT55995	GPCRsecr.HG1.8:ADGRD2
Tadh_TriadT56035	GPCRrhod.HG45.10:NA
Tadh_TriadT56053	GPCRrhod.HG45.3:NA
Tadh_TriadT56057	GPCRrhod.HG12.13:NA
Tadh_TriadT56058	GPCRrhod.HG12.15:NA
Tadh_TriadT56059	GPCRrhod.HG12.14:NA
Tadh_TriadT56070	GPCRrhod.HG2.49:like:NPFFR1/NPFFR2
Tadh_TriadT56077	GPCRrhod.HG62.0:NA
Tadh_TriadT56106	GPCRrhod.HG10.30:NA
Tadh_TriadT56127	GPCRrhod.HG131.0:NA
Tadh_TriadT56128	GPCRrhod.HG36.2:NA
Tadh_TriadT56177	GPCRrhod.HG51.0:NA
Tadh_TriadT56181	GPCRrhod.HG36.12:NA
Tadh_TriadT56182	GPCRrhod.HG36.20:NA
Tadh_TriadT56231	GPCRsecr.HG1.26:like:ADGRA1/ADGRA2/ADGRA3/ADGRV1
Tadh_TriadT56368	GPCRrhod.HG10.7:NA
Tadh_TriadT56394	GPCRrhod.HG36.14:NA
Tadh_TriadT56422	GPCRrhod.HG10.44:NA
Tadh_TriadT56441	GPCRrhod.HG22.20:NA
Tadh_TriadT56543	GPCRrhod.HG2.45:like:NPFFR1/NPFFR2
Tadh_TriadT56556	GPCRrhod.HG12.41:NA
Tadh_TriadT56557	GPCRrhod.HG12.40:NA
Tadh_TriadT56568	GPCRrhod.HG10.76:NA
Tadh_TriadT56569	GPCRrhod.HG181.0:NA
Tadh_TriadT56600	GPCRrhod.HG22.13:NA
Tadh_TriadT56610	GPCRglut.HG1.35:like:GABBR1/GABBR2
Tadh_TriadT56611	GPCRglut.HG1.40:like:GABBR1/GABBR2
Tadh_TriadT56622	GPCRrhod.HG12.28:NA
Tadh_TriadT56623	GPCRrhod.HG12.22:NA
Tadh_TriadT56624	GPCRrhod.HG12.24:NA
Tadh_TriadT56625	GPCRrhod.HG12.25:NA
Tadh_TriadT56628	GPCRrhod.HG12.26:NA
Tadh_TriadT56630	GPCRrhod.HG22.14:NA
Tadh_TriadT56663	GPCRrhod.HG12.36:NA
Tadh_TriadT56753	GPCRrhod.HG32.13:NA
Tadh_TriadT56770	GPCRrhod.HG10.18:NA
Tadh_TriadT56772	GPCRrhod.HG10.17:NA
Tadh_TriadT56807	GPCRrhod.HG32.23:NA
Tadh_TriadT56808	GPCRrhod.HG32.22:NA
Tadh_TriadT56815	GPCRrhod.HG25.1:NA
Tadh_TriadT56855	GPCRrhod.HG36.9:NA
Tadh_TriadT56856	GPCRglut.HG4.8:NA
Tadh_TriadT57020	GPCRrhod.HG34.28:NA
Tadh_TriadT57072	GPCRrhod.HG10.26:NA
Tadh_TriadT57081	GPCRrhod.HG10.26:NA
Tadh_TriadT57193	GPCRglut.HG1.10:like:GABBR1/GABBR2
Tadh_TriadT57256	GPCRrhod.HG122.1:NA
Tadh_TriadT57337	GPCRrhod.HG2.3:like:CCKAR/CCKBR/GHSR/GPR19/GPR39/GPR83/GPR176/HCRTR1/HCRTR2/MLNR/NMUR1/NMUR2/NPFFR1/NPFFR2/NPY1R/NPY2R/NPY4R/NPY4R2/NPY5R/NTSR1/NTSR2/PRLHR/PROKR1/PROKR2/QRFPR/TACR1/TACR2/TACR3/TRHR
Tadh_TriadT57359	GPCRsecr.HG1.8:ADGRD2
Tadh_TriadT5735	GPCRrhod.HG41.6:NA
Tadh_TriadT57362	GPCRsecr.HG1.8:ADGRD2
Tadh_TriadT57363	GPCRrhod.HG6.1:NA
Tadh_TriadT57365	GPCRrhod.HG2.54:like:NPFFR1/NPFFR2
Tadh_TriadT57366	GPCRrhod.HG2.56:like:NPFFR1/NPFFR2
Tadh_TriadT57377	GPCRrhod.HG169.0:NA
Tadh_TriadT57425	GPCRsecr.HG2.0:like:ADGRG1/ADGRG2/ADGRG3/ADGRG4/ADGRG5/ADGRG6/ADGRG7
Tadh_TriadT57434	GPCRrhod.HG54.14:NA
Tadh_TriadT57435	GPCRrhod.HG54.17:NA
Tadh_TriadT57447	GPCRrhod.HG184.0:NA
Tadh_TriadT57467	GPCRrhod.Unclassified
Tadh_TriadT57516	GPCRsecr.HG2.0:like:ADGRG1/ADGRG2/ADGRG3/ADGRG4/ADGRG5/ADGRG6/ADGRG7
Tadh_TriadT57535	GPCRrhod.HG10.4:NA
Tadh_TriadT57576	GPCRrhod.HG2.53:like:NPFFR1/NPFFR2
Tadh_TriadT57577	GPCRrhod.HG10.19:NA
Tadh_TriadT57587	GPCRrhod.HG52.0:NA
Tadh_TriadT57588	GPCRrhod.HG12.3:NA
Tadh_TriadT57627	GPCRrhod.HG94.0:NA
Tadh_TriadT57663	GPCRsecr.HG2.0:like:ADGRG1/ADGRG2/ADGRG3/ADGRG4/ADGRG5/ADGRG6/ADGRG7
Tadh_TriadT57670	GPCRsecr.HG2.0:like:ADGRG1/ADGRG2/ADGRG3/ADGRG4/ADGRG5/ADGRG6/ADGRG7
Tadh_TriadT57692	GPCRsecr.HG11.0:NA
Tadh_TriadT57727	GPCRrhod.HG10.42:NA
Tadh_TriadT57728	GPCRrhod.HG10.40:NA
Tadh_TriadT57837	GPCRsecr.HG1.40:like:ADGRA1/ADGRA2/ADGRA3/ADGRV1
Tadh_TriadT57964	GPCRsecr.HG1.26:like:ADGRA1/ADGRA2/ADGRA3/ADGRV1
Tadh_TriadT58048	GPCRglut.HG4.10:NA
Tadh_TriadT58102	GPCRsecr.HG1.8:ADGRD2
Tadh_TriadT58248	GPCRrhod.HG2.47:like:NPFFR1/NPFFR2
Tadh_TriadT58557	GPCRrhod.HG41.4:NA
Tadh_TriadT58559	GPCRrhod.HG41.5:NA
Tadh_TriadT58576	GPCRrhod.HG41.10:NA
Tadh_TriadT58578	GPCRrhod.HG41.13:NA
Tadh_TriadT58589	GPCRrhod.HG41.1:NA
Tadh_TriadT58590	GPCRrhod.HG41.15:NA
Tadh_TriadT58689	GPCRrhod.HG10.39:NA
Tadh_TriadT58699	GPCRrhod.HG41.3:NA
Tadh_TriadT58712	GPCRrhod.HG41.3:NA
Tadh_TriadT58713	GPCRrhod.HG1.46:like:AC144573.1/ADORA1/ADORA2A/ADORA2B/ADORA3/ADRA1A/ADRA1B/ADRA1D/ADRA2A/ADRA2B/ADRA2C/ADRB1/ADRB2/ADRB3/CHRM1/CHRM2/CHRM3/CHRM4/CHRM5/DRD1/DRD2/DRD3/DRD4/DRD5/GPR119/HRH1/HRH2/HRH3/HRH4/HTR1A/HTR1B/HTR1D/HTR1E/HTR1F/HTR2A/HTR2B/HTR2C/HTR4/HTR5A/HTR6/HTR7/TMIGD3
Tadh_TriadT58721	GPCRrhod.HG29.0:NA
Tadh_TriadT58722	GPCRrhod.HG29.0:NA
Tadh_TriadT58723	GPCRrhod.HG29.0:NA
Tadh_TriadT58724	GPCRrhod.HG29.0:NA
Tadh_TriadT58725	GPCRrhod.HG29.0:NA
Tadh_TriadT58778	GPCRrhod.HG52.10:NA
Tadh_TriadT58779	GPCRrhod.HG52.14:NA
Tadh_TriadT58780	GPCRrhod.HG52.18:NA
Tadh_TriadT58781	GPCRrhod.HG52.16:NA
Tadh_TriadT58786	GPCRrhod.HG39.0:like:PTGDR/PTGER1/PTGER2/PTGER3/PTGER4/PTGFR/PTGIR/TBXA2R
Tadh_TriadT58809	GPCRrhod.HG34.16:NA
Tadh_TriadT58844	GPCRrhod.HG78.3:NA
Tadh_TriadT58846	GPCRrhod.HG78.2:NA
Tadh_TriadT58847	GPCRrhod.HG65.2:NA
Tadh_TriadT58848	GPCRrhod.HG65.3:NA
Tadh_TriadT58937	GPCRglut.HG1.30:like:GABBR1/GABBR2
Tadh_TriadT58938	GPCRglut.HG1.30:like:GABBR1/GABBR2
Tadh_TriadT58939	GPCRglut.HG1.30:like:GABBR1/GABBR2
Tadh_TriadT58979	GPCRglut.HG1.30:like:GABBR1/GABBR2
Tadh_TriadT58991	GPCRrhod.HG51.0:NA
Tadh_TriadT58992	GPCRrhod.HG51.0:NA
Tadh_TriadT58993	GPCRrhod.HG51.0:NA
Tadh_TriadT59000	GPCRrhod.HG54.9:NA
Tadh_TriadT59001	GPCRrhod.HG54.4:NA
Tadh_TriadT59002	GPCRrhod.HG54.1:NA
Tadh_TriadT59024	GPCRglut.HG1.30:like:GABBR1/GABBR2
Tadh_TriadT59025	GPCRglut.HG1.30:like:GABBR1/GABBR2
Tadh_TriadT59248	GPCRrhod.HG29.0:NA
Tadh_TriadT59294	GPCRrhod.HG36.1:NA
Tadh_TriadT59341	GPCRsecr.HG1.28:like:ADGRA1/ADGRA2/ADGRA3/ADGRV1
Tadh_TriadT59342	GPCRrhod.HG51.0:NA
Tadh_TriadT59344	GPCRsecr.HG1.34:like:ADGRA1/ADGRA2/ADGRA3/ADGRV1
Tadh_TriadT59345	GPCRsecr.HG1.35:like:ADGRA1/ADGRA2/ADGRA3/ADGRV1
Tadh_TriadT59350	GPCRsecr.HG1.33:like:ADGRA1/ADGRA2/ADGRA3/ADGRV1
Tadh_TriadT59352	GPCRsecr.HG1.32:like:ADGRA1/ADGRA2/ADGRA3/ADGRV1
Tadh_TriadT59353	GPCRsecr.HG1.27:like:ADGRA1/ADGRA2/ADGRA3/ADGRV1
Tadh_TriadT59355	GPCRsecr.HG13.0:NA
Tadh_TriadT59369	GPCRrhod.HG51.0:NA
Tadh_TriadT59370	GPCRrhod.HG51.0:NA
Tadh_TriadT59425	GPCRrhod.HG29.40:NA
Tadh_TriadT59452	GPCRrhod.HG32.11:NA
Tadh_TriadT59453	GPCRrhod.HG32.19:NA
Tadh_TriadT59454	GPCRrhod.HG32.26:NA
Tadh_TriadT59455	GPCRrhod.HG32.26:NA
Tadh_TriadT59515	GPCRsecr.HG9.0:NA
Tadh_TriadT59518	GPCRrhod.HG25.1:NA
Tadh_TriadT59519	GPCRrhod.HG25.1:NA
Tadh_TriadT59520	GPCRrhod.HG2.50:like:NPFFR1/NPFFR2
Tadh_TriadT59533	GPCRrhod.HG10.23:NA
Tadh_TriadT59534	GPCRrhod.HG10.82:NA
Tadh_TriadT59535	GPCRrhod.HG10.46:NA
Tadh_TriadT59536	GPCRrhod.HG10.80:NA
Tadh_TriadT59537	GPCRrhod.HG10.81:NA
Tadh_TriadT59538	GPCRrhod.HG10.45:NA
Tadh_TriadT59539	GPCRrhod.HG10.60:NA
Tadh_TriadT59551	GPCRrhod.HG1.42:like:AC144573.1/ADORA1/ADORA2A/ADORA2B/ADORA3/ADRA1A/ADRA1B/ADRA1D/ADRA2A/ADRA2B/ADRA2C/ADRB1/ADRB2/ADRB3/CHRM1/CHRM2/CHRM3/CHRM4/CHRM5/DRD1/DRD2/DRD3/DRD4/DRD5/GPR119/HRH1/HRH2/HRH3/HRH4/HTR1A/HTR1B/HTR1D/HTR1E/HTR1F/HTR2A/HTR2B/HTR2C/HTR4/HTR5A/HTR6/HTR7/TMIGD3
Tadh_TriadT59554	GPCRglut.HG4.0:NA
Tadh_TriadT59557	GPCRglut.HG4.0:NA
Tadh_TriadT59558	GPCRglut.HG4.0:NA
Tadh_TriadT59560	GPCRglut.HG4.0:NA
Tadh_TriadT59563	GPCRglut.HG4.0:NA
Tadh_TriadT59566	GPCRglut.HG4.0:NA
Tadh_TriadT59571	GPCRglut.HG4.3:NA
Tadh_TriadT59637	GPCRrhod.HG36.4:NA
Tadh_TriadT59678	GPCRrhod.HG2.43:like:NPFFR1/NPFFR2
Tadh_TriadT59750	GPCRsecr.HG7.1:GPR143
Tadh_TriadT59938	GPCRsecr.HG1.37:like:ADGRA1/ADGRA2/ADGRA3/ADGRV1
Tadh_TriadT60050	GPCRglut.HG1.47:like:GABBR1/GABBR2
Tadh_TriadT60056	GPCRglut.HG1.41:like:GABBR1/GABBR2
Tadh_TriadT60063	GPCRrhod.HG10.75:NA
Tadh_TriadT60077	GPCRrhod.HG12.69:NA
Tadh_TriadT60078	GPCRrhod.HG12.55:NA
Tadh_TriadT60080	GPCRrhod.HG12.65:NA
Tadh_TriadT60081	GPCRrhod.HG12.39:NA
Tadh_TriadT60087	GPCRsecr.HG1.26:like:ADGRA1/ADGRA2/ADGRA3/ADGRV1
Tadh_TriadT60092	GPCRsecr.HG1.26:like:ADGRA1/ADGRA2/ADGRA3/ADGRV1
Tadh_TriadT60117	GPCRsecr.HG1.37:like:ADGRA1/ADGRA2/ADGRA3/ADGRV1
Tadh_TriadT60118	GPCRsecr.HG1.37:like:ADGRA1/ADGRA2/ADGRA3/ADGRV1
Tadh_TriadT60119	GPCRsecr.HG1.37:like:ADGRA1/ADGRA2/ADGRA3/ADGRV1
Tadh_TriadT60120	GPCRsecr.HG1.37:like:ADGRA1/ADGRA2/ADGRA3/ADGRV1
Tadh_TriadT60121	GPCRsecr.HG1.37:like:ADGRA1/ADGRA2/ADGRA3/ADGRV1
Tadh_TriadT60138	GPCRrhod.HG10.8:NA
Tadh_TriadT60281	GPCRrhod.HG34.13:NA
Tadh_TriadT60282	GPCRrhod.HG34.12:NA
Tadh_TriadT60310	GPCRrhod.HG34.6:NA
Tadh_TriadT60311	GPCRrhod.HG34.2:NA
Tadh_TriadT60312	GPCRrhod.HG34.1:NA
Tadh_TriadT60377	GPCRrhod.HG36.26:NA
Tadh_TriadT60381	GPCRrhod.HG25.1:NA
Tadh_TriadT60382	GPCRrhod.HG25.1:NA
Tadh_TriadT60482	GPCRrhod.HG1.42:like:AC144573.1/ADORA1/ADORA2A/ADORA2B/ADORA3/ADRA1A/ADRA1B/ADRA1D/ADRA2A/ADRA2B/ADRA2C/ADRB1/ADRB2/ADRB3/CHRM1/CHRM2/CHRM3/CHRM4/CHRM5/DRD1/DRD2/DRD3/DRD4/DRD5/GPR119/HRH1/HRH2/HRH3/HRH4/HTR1A/HTR1B/HTR1D/HTR1E/HTR1F/HTR2A/HTR2B/HTR2C/HTR4/HTR5A/HTR6/HTR7/TMIGD3
Tadh_TriadT60495	GPCRrhod.HG22.1:NA
Tadh_TriadT60563	GPCRrhod.HG10.73:NA
Tadh_TriadT60578	GPCRrhod.HG22.36:NA
Tadh_TriadT60579	GPCRrhod.HG10.50:NA
Tadh_TriadT60580	GPCRrhod.HG10.38:NA
Tadh_TriadT60613	GPCRrhod.HG22.42:NA
Tadh_TriadT60646	GPCRrhod.HG5.2:like:GPR50/MTNR1A/MTNR1B
Tadh_TriadT60706	GPCRrhod.HG59.9:NA
Tadh_TriadT60707	GPCRrhod.HG59.9:NA
Tadh_TriadT60710	GPCRsecr.Unclassified
Tadh_TriadT60796	GPCRrhod.HG156.0:NA
Tadh_TriadT60811	GPCRrhod.HG104.1:NA
Tadh_TriadT60874	GPCRrhod.HG101.0:NA
Tadh_TriadT60875	GPCRrhod.HG101.3:NA
Tadh_TriadT60876	GPCRrhod.HG101.2:NA
Tadh_TriadT60881	GPCRrhod.HG191.0:NA
Tadh_TriadT60889	GPCRrhod.HG80.0:NA
Tadh_TriadT60891	GPCRrhod.HG80.8:NA
Tadh_TriadT61025	GPCRrhod.HG10.29:NA
Tadh_TriadT61227	GPCRrhod.HG22.8:NA
Tadh_TriadT61436	GPCRrhod.HG10.71:NA
Tadh_TriadT61452	GPCRsecr.HG1.22:ADGRF1/ADGRF2/ADGRF3/ADGRF4/ADGRF5
Tadh_TriadT61501	GPCRrhod.HG10.10:NA
Tadh_TriadT61507	GPCRrhod.HG10.32:NA
Tadh_TriadT61508	GPCRrhod.HG10.1:NA
Tadh_TriadT61553	GPCRrhod.HG41.3:NA
Tadh_TriadT61584	GPCRrhod.HG51.0:NA
Tadh_TriadT61684	GPCRrhod.HG22.19:NA
Tadh_TriadT61720	GPCRrhod.HG10.85:NA
Tadh_TriadT61725	GPCRrhod.HG37.21:NA
Tadh_TriadT61729	GPCRrhod.HG37.22:NA
Tadh_TriadT61846	GPCRsecr.HG1.8:ADGRD2
Tadh_TriadT61848	GPCRsecr.HG1.8:ADGRD2
Tadh_TriadT61850	GPCRsecr.HG1.8:ADGRD2
Tadh_TriadT61852	GPCRsecr.HG1.8:ADGRD2
Tadh_TriadT61857	GPCRrhod.HG36.0:NA
Tadh_TriadT61883	GPCRrhod.HG32.15:NA
Tadh_TriadT61884	GPCRrhod.HG32.16:NA
Tadh_TriadT61907	GPCRsecr.HG1.22:ADGRF1/ADGRF2/ADGRF3/ADGRF4/ADGRF5
Tadh_TriadT61926	GPCRglut.HG1.2:GPR156
Tadh_TriadT61932	GPCRrhod.HG29.18:NA
Tadh_TriadT61975	GPCRrhod.HG2.46:like:NPFFR1/NPFFR2
Tadh_TriadT62091	GPCRrhod.HG12.32:NA
Tadh_TriadT62093	GPCRrhod.HG12.83:NA
Tadh_TriadT62094	GPCRrhod.HG12.77:NA
Tadh_TriadT62095	GPCRrhod.HG12.77:NA
Tadh_TriadT62137	GPCRrhod.HG25.1:NA
Tadh_TriadT62155	GPCRrhod.HG62.11:NA
Tadh_TriadT62156	GPCRrhod.HG62.13:NA
Tadh_TriadT62157	GPCRrhod.HG62.8:NA
Tadh_TriadT62166	GPCRrhod.HG22.69:NA
Tadh_TriadT62168	GPCRrhod.HG22.53:NA
Tadh_TriadT62192	GPCRrhod.HG22.45:NA
Tadh_TriadT62195	GPCRrhod.HG22.40:NA
Tadh_TriadT62216	GPCRrhod.HG25.1:NA
Tadh_TriadT62222	GPCRrhod.HG2.45:like:NPFFR1/NPFFR2
Tadh_TriadT62230	GPCRrhod.HG5.2:like:GPR50/MTNR1A/MTNR1B
Tadh_TriadT62235	GPCRrhod.HG32.3:NA
Tadh_TriadT62236	GPCRrhod.HG102.2:NA
Tadh_TriadT62237	GPCRrhod.HG102.4:NA
Tadh_TriadT62238	GPCRrhod.HG102.1:NA
Tadh_TriadT62239	GPCRrhod.HG166.0:NA
Tadh_TriadT62264	GPCRsecr.HG1.14:ADGRB1/ADGRB2/ADGRB3
Tadh_TriadT62266	GPCRsecr.HG1.31:like:ADGRA1/ADGRA2/ADGRA3/ADGRV1
Tadh_TriadT62369	GPCRrhod.HG32.34:NA
Tadh_TriadT62370	GPCRrhod.HG32.32:NA
Tadh_TriadT62371	GPCRrhod.HG32.20:NA
Tadh_TriadT62523	GPCRrhod.HG12.31:NA
Tadh_TriadT62528	GPCRrhod.HG29.38:NA
Tadh_TriadT62627	GPCRrhod.HG12.24:NA
Tadh_TriadT62649	GPCRrhod.HG12.31:NA
Tadh_TriadT62788	GPCRrhod.HG52.10:NA
Tadh_TriadT62841	GPCRrhod.HG41.3:NA
Tadh_TriadT63067	GPCRsecr.HG1.27:like:ADGRA1/ADGRA2/ADGRA3/ADGRV1
Tadh_TriadT6397	GPCRrhod.HG41.2:NA
Tadh_TriadT64091	GPCRglut.HG1.30:like:GABBR1/GABBR2
Tadh_TriadT64227	GPCRsecr.HG1.22:ADGRF1/ADGRF2/ADGRF3/ADGRF4/ADGRF5
Tadh_TriadT6910	GPCRrhod.HG25.1:NA
Tadh_TriadT7261	GPCRrhod.HG2.3:like:CCKAR/CCKBR/GHSR/GPR19/GPR39/GPR83/GPR176/HCRTR1/HCRTR2/MLNR/NMUR1/NMUR2/NPFFR1/NPFFR2/NPY1R/NPY2R/NPY4R/NPY4R2/NPY5R/NTSR1/NTSR2/PRLHR/PROKR1/PROKR2/QRFPR/TACR1/TACR2/TACR3/TRHR
Tadh_TriadT7315	GPCRrhod.HG51.0:NA
Tadh_TriadT733	GPCRrhod.HG22.32:NA
Tadh_TriadT7431	GPCRrhod.HG29.2:NA
Tadh_TriadT7464	GPCRrhod.HG5.2:like:GPR50/MTNR1A/MTNR1B
Tadh_TriadT7696	GPCRglut.HG1.30:like:GABBR1/GABBR2
Tadh_TriadT7742	GPCRrhod.HG62.2:NA
Tadh_TriadT816	GPCRglut.HG4.9:NA
Tadh_TriadT8190	GPCRrhod.HG1.26:like:AC144573.1/ADORA1/ADORA2A/ADORA2B/ADORA3/ADRA1A/ADRA1B/ADRA1D/ADRA2A/ADRA2B/ADRA2C/ADRB1/ADRB2/ADRB3/CHRM1/CHRM2/CHRM3/CHRM4/CHRM5/DRD1/DRD2/DRD3/DRD4/DRD5/GPR21/GPR26/GPR45/GPR52/GPR63/GPR78/GPR101/GPR119/GPR135/GPR161/HRH1/HRH2/HRH3/HRH4/HTR1A/HTR1B/HTR1D/HTR1E/HTR1F/HTR2A/HTR2B/HTR2C/HTR4/HTR5A/HTR6/HTR7/TMIGD3
Tadh_TriadT8380	GPCRrhod.HG25.1:NA
Tadh_TriadT951	GPCRrhod.HG41.14:NA
Tadh_TriadT9679	GPCRrhod.HG41.17:NA
Tadh_wf_g10057.t1	GPCRrhod.HG10.33:NA
Tadh_wf_g10200.t1	GPCRglut.HG3.4:like:CASR/GPRC6A/TAS1R1/TAS1R2/TAS1R3
Tadh_wf_g10251.t1	GPCRrhod.HG32.4:NA
Tadh_wf_g10252.t1	GPCRrhod.HG52.1:NA
Tadh_wf_g10310.t1	GPCRrhod.HG10.14:NA
Tadh_wf_g10330.t1	GPCRrhod.HG12.27:NA
Tadh_wf_g10331.t1	GPCRrhod.HG12.34:NA
Tadh_wf_g10332.t1	GPCRrhod.HG12.35:NA
Tadh_wf_g10333.t1	GPCRrhod.HG12.27:NA
Tadh_wf_g1039.t1	GPCRrhod.HG36.23:NA
Tadh_wf_g10455.t1	GPCRrhod.HG45.11:NA
Tadh_wf_g10456.t1	GPCRrhod.HG45.11:NA
Tadh_wf_g10457.t1	GPCRrhod.HG45.11:NA
Tadh_wf_g10458.t1	GPCRrhod.HG45.11:NA
Tadh_wf_g10459.t1	GPCRrhod.HG45.11:NA
Tadh_wf_g10460.t1	GPCRrhod.HG45.11:NA
Tadh_wf_g10461.t1	GPCRrhod.HG45.11:NA
Tadh_wf_g10462.t1	GPCRrhod.HG45.11:NA
Tadh_wf_g10489.t1	GPCRrhod.HG10.72:NA
Tadh_wf_g10490.t1	GPCRrhod.HG10.48:NA
Tadh_wf_g10492.t1	GPCRrhod.HG10.47:NA
Tadh_wf_g10501.t1	GPCRrhod.HG10.49:NA
Tadh_wf_g10589.t1	GPCRrhod.HG22.20:NA
Tadh_wf_g10594.t1	GPCRrhod.HG45.5:NA
Tadh_wf_g10595.t1	GPCRrhod.HG45.5:NA
Tadh_wf_g10642.t1	GPCRrhod.HG51.0:NA
Tadh_wf_g10676.t1	GPCRrhod.HG45.11:NA
Tadh_wf_g10677.t1	GPCRrhod.HG45.11:NA
Tadh_wf_g10678.t1	GPCRrhod.HG45.11:NA
Tadh_wf_g10679.t1	GPCRrhod.HG45.11:NA
Tadh_wf_g10680.t1	GPCRrhod.HG45.11:NA
Tadh_wf_g10681.t1	GPCRrhod.HG45.11:NA
Tadh_wf_g10748.t1	GPCRrhod.HG22.23:NA
Tadh_wf_g10786.t1	GPCRrhod.HG10.84:NA
Tadh_wf_g10792.t1	GPCRrhod.HG37.21:NA
Tadh_wf_g10797.t1	GPCRrhod.HG37.35:NA
Tadh_wf_g10798.t1	GPCRrhod.HG37.27:NA
Tadh_wf_g10799.t1	GPCRrhod.HG37.26:NA
Tadh_wf_g10800.t1	GPCRrhod.HG37.24:NA
Tadh_wf_g10807.t1	GPCRrhod.HG37.26:NA
Tadh_wf_g10808.t1	GPCRrhod.HG37.25:NA
Tadh_wf_g10929.t1	GPCRsecr.HG1.8:ADGRD2
Tadh_wf_g10957.t1	GPCRrhod.HG32.28:NA
Tadh_wf_g10958.t1	GPCRrhod.HG32.27:NA
Tadh_wf_g10959.t1	GPCRrhod.HG32.9:NA
Tadh_wf_g10960.t1	GPCRrhod.HG32.6:NA
Tadh_wf_g10961.t1	GPCRrhod.HG32.17:NA
Tadh_wf_g10964.t1	GPCRrhod.HG32.18:NA
Tadh_wf_g11074.t1	GPCRrhod.HG32.7:NA
Tadh_wf_g11075.t1	GPCRrhod.HG32.29:NA
Tadh_wf_g11158.t1	GPCRrhod.HG12.31:NA
Tadh_wf_g11159.t1	GPCRrhod.HG12.31:NA
Tadh_wf_g11192.t1	GPCRrhod.HG12.96:NA
Tadh_wf_g11193.t1	GPCRrhod.HG12.82:NA
Tadh_wf_g11194.t1	GPCRrhod.HG12.76:NA
Tadh_wf_g11197.t1	GPCRrhod.HG12.44:NA
Tadh_wf_g11242.t1	GPCRrhod.HG25.1:NA
Tadh_wf_g11252.t1	GPCRrhod.HG34.7:NA
Tadh_wf_g11270.t1	GPCRrhod.HG22.33:NA
Tadh_wf_g11342.t1	GPCRrhod.HG102.3:NA
Tadh_wf_g11344.t1	GPCRrhod.HG102.0:NA
Tadh_wf_g11346.t1	GPCRrhod.HG166.1:NA
Tadh_wf_g11348.t1	GPCRrhod.HG37.18:NA
Tadh_wf_g11349.t1	GPCRrhod.HG37.3:NA
Tadh_wf_g11350.t1	GPCRrhod.HG37.28:NA
Tadh_wf_g11351.t1	GPCRrhod.HG37.9:NA
Tadh_wf_g11454.t1	GPCRrhod.HG10.13:NA
Tadh_wf_g11461.t1	GPCRrhod.HG29.42:NA
Tadh_wf_g11462.t1	GPCRrhod.HG29.36:NA
Tadh_wf_g11463.t1	GPCRrhod.HG29.37:NA
Tadh_wf_g11493.t1	GPCRrhod.HG37.8:NA
Tadh_wf_g11494.t1	GPCRrhod.HG37.4:NA
Tadh_wf_g11495.t1	GPCRrhod.HG37.5:NA
Tadh_wf_g11496.t1	GPCRrhod.HG32.14:NA
Tadh_wf_g11497.t1	GPCRrhod.HG36.20:NA
Tadh_wf_g11499.t1	GPCRrhod.HG32.33:NA
Tadh_wf_g11502.t1	GPCRrhod.HG32.12:NA
Tadh_wf_g11503.t1	GPCRrhod.HG32.21:NA
Tadh_wf_g11623.t1	GPCRrhod.HG29.35:NA
Tadh_wf_g11624.t1	GPCRrhod.HG29.27:NA
Tadh_wf_g11625.t1	GPCRrhod.HG29.21:NA
Tadh_wf_g11642.t1	GPCRrhod.HG12.42:NA
Tadh_wf_g11643.t1	GPCRrhod.HG12.37:NA
Tadh_wf_g11648.t1	GPCRrhod.HG54.10:NA
Tadh_wf_g11649.t1	GPCRrhod.HG54.6:NA
Tadh_wf_g11651.t1	GPCRrhod.HG45.10:NA
Tadh_wf_g11698.t1	GPCRrhod.HG37.15:NA
Tadh_wf_g11700.t1	GPCRrhod.HG45.10:NA
Tadh_wf_g11711.t1	GPCRrhod.HG34.18:NA
Tadh_wf_g11715.t1	GPCRrhod.HG12.44:NA
Tadh_wf_g11737.t1	GPCRrhod.HG34.19:NA
Tadh_wf_g11748.t1	GPCRrhod.HG45.11:NA
Tadh_wf_g11749.t1	GPCRrhod.HG45.11:NA
Tadh_wf_g11773.t1	GPCRrhod.HG12.66:NA
Tadh_wf_g117.t1	GPCRrhod.HG10.11:NA
Tadh_wf_g11840.t1	GPCRrhod.HG12.56:NA
Tadh_wf_g11851.t1	GPCRrhod.HG45.11:NA
Tadh_wf_g11867.t1	GPCRrhod.HG22.20:NA
Tadh_wf_g11872.t1	GPCRrhod.HG37.15:NA
Tadh_wf_g11875.t1	GPCRrhod.HG54.7:NA
Tadh_wf_g11896.t1	GPCRglut.HG1.48:like:GABBR1/GABBR2/GPR156
Tadh_wf_g11922.t1	GPCRrhod.HG37.13:NA
Tadh_wf_g11933.t1	GPCRrhod.HG36.18:NA
Tadh_wf_g11959.t1	GPCRrhod.HG36.18:NA
Tadh_wf_g12088.t1	GPCRrhod.HG22.33:NA
Tadh_wf_g12090.t1	GPCRrhod.HG36.18:NA
Tadh_wf_g12092.t1	GPCRrhod.HG45.11:NA
Tadh_wf_g12210.t1	GPCRglut.HG1.30:like:GABBR1/GABBR2
Tadh_wf_g12213.t1	GPCRrhod.HG45.11:NA
Tadh_wf_g1249.t1	GPCRrhod.HG1.42:like:AC144573.1/ADORA1/ADORA2A/ADORA2B/ADORA3/ADRA1A/ADRA1B/ADRA1D/ADRA2A/ADRA2B/ADRA2C/ADRB1/ADRB2/ADRB3/CHRM1/CHRM2/CHRM3/CHRM4/CHRM5/DRD1/DRD2/DRD3/DRD4/DRD5/GPR119/HRH1/HRH2/HRH3/HRH4/HTR1A/HTR1B/HTR1D/HTR1E/HTR1F/HTR2A/HTR2B/HTR2C/HTR4/HTR5A/HTR6/HTR7/TMIGD3
Tadh_wf_g1485.t1	GPCRrhod.HG12.56:NA
Tadh_wf_g1551.t1	GPCRrhod.HG12.31:NA
Tadh_wf_g1554.t1	GPCRrhod.HG12.31:NA
Tadh_wf_g1555.t1	GPCRrhod.HG12.31:NA
Tadh_wf_g1556.t1	GPCRrhod.HG12.31:NA
Tadh_wf_g1580.t1	GPCRrhod.HG51.0:NA
Tadh_wf_g1682.t1	GPCRrhod.HG10.91:NA
Tadh_wf_g1683.t1	GPCRrhod.HG10.90:NA
Tadh_wf_g1743.t1	GPCRrhod.HG59.1:NA
Tadh_wf_g1744.t1	GPCRrhod.HG59.4:NA
Tadh_wf_g1746.t1	GPCRrhod.HG59.0:NA
Tadh_wf_g1796.t1	GPCRrhod.HG10.31:NA
Tadh_wf_g1872.t1	GPCRrhod.HG6.1:NA
Tadh_wf_g2050.t1	GPCRrhod.HG189.0:NA
Tadh_wf_g2117.t1	GPCRrhod.HG41.3:NA
Tadh_wf_g2118.t1	GPCRrhod.HG41.3:NA
Tadh_wf_g2126.t1	GPCRrhod.HG108.2:NA
Tadh_wf_g2185.t1	GPCRrhod.HG2.52:like:NPFFR1/NPFFR2
Tadh_wf_g2444.t1	GPCRrhod.HG54.8:NA
Tadh_wf_g255.t1	GPCRrhod.HG10.104:NA
Tadh_wf_g2659.t1	GPCRrhod.HG80.1:NA
Tadh_wf_g2661.t1	GPCRrhod.HG80.2:NA
Tadh_wf_g2667.t1	GPCRrhod.HG12.29:NA
Tadh_wf_g2727.t1	GPCRrhod.HG34.19:NA
Tadh_wf_g2728.t1	GPCRrhod.HG34.19:NA
Tadh_wf_g2729.t1	GPCRrhod.HG34.19:NA
Tadh_wf_g2790.t1	GPCRrhod.HG12.2:NA
Tadh_wf_g2794.t1	GPCRrhod.HG170.0:NA
Tadh_wf_g3081.t1	GPCRrhod.HG32.1:NA
Tadh_wf_g322.t1	GPCRrhod.HG29.3:NA
Tadh_wf_g3279.t1	GPCRrhod.HG52.6:NA
Tadh_wf_g3280.t1	GPCRrhod.HG52.7:NA
Tadh_wf_g3397.t1	GPCRrhod.HG10.3:NA
Tadh_wf_g3657.t1	GPCRrhod.HG59.7:NA
Tadh_wf_g3683.t1	GPCRrhod.HG52.5:NA
Tadh_wf_g3692.t1	GPCRrhod.HG137.0:NA
Tadh_wf_g3864.t1	GPCRglut.HG4.14:NA
Tadh_wf_g3869.t1	GPCRrhod.HG65.1:NA
Tadh_wf_g3888.t1	GPCRrhod.HG34.21:NA
Tadh_wf_g3889.t1	GPCRrhod.HG34.21:NA
Tadh_wf_g3890.t1	GPCRrhod.HG34.26:NA
Tadh_wf_g3891.t1	GPCRrhod.HG34.31:NA
Tadh_wf_g3896.t1	GPCRrhod.HG32.0:NA
Tadh_wf_g3901.t1	GPCRrhod.HG36.7:NA
Tadh_wf_g3902.t1	GPCRrhod.HG36.8:NA
Tadh_wf_g4030.t1	GPCRglut.HG4.2:NA
Tadh_wf_g4033.t1	GPCRglut.HG4.2:NA
Tadh_wf_g412.t1	GPCRrhod.HG29.10:NA
Tadh_wf_g416.t1	GPCRrhod.HG29.5:NA
Tadh_wf_g417.t1	GPCRrhod.HG29.4:NA
Tadh_wf_g420.t1	GPCRrhod.HG29.11:NA
Tadh_wf_g4262.t1	GPCRrhod.HG12.84:NA
Tadh_wf_g4285.t1	GPCRrhod.HG25.1:NA
Tadh_wf_g4286.t1	GPCRrhod.HG25.1:NA
Tadh_wf_g4290.t1	GPCRrhod.HG25.1:NA
Tadh_wf_g4695.t1	GPCRrhod.HG65.4:NA
Tadh_wf_g4696.t1	GPCRrhod.HG65.13:NA
Tadh_wf_g4700.t1	GPCRrhod.HG65.6:NA
Tadh_wf_g4835.t1	GPCRrhod.HG32.38:NA
Tadh_wf_g4836.t1	GPCRrhod.HG32.36:NA
Tadh_wf_g4844.t1	GPCRrhod.HG45.10:NA
Tadh_wf_g4863.t1	GPCRrhod.HG45.1:NA
Tadh_wf_g4866.t1	GPCRrhod.HG45.4:NA
Tadh_wf_g4875.t1	GPCRrhod.HG162.0:NA
Tadh_wf_g4877.t1	GPCRrhod.HG45.2:NA
Tadh_wf_g4880.t1	GPCRrhod.HG62.1:NA
Tadh_wf_g4886.t1	GPCRrhod.HG10.108:NA
Tadh_wf_g4930.t1	GPCRrhod.HG12.42:NA
Tadh_wf_g4931.t1	GPCRrhod.HG12.43:NA
Tadh_wf_g4954.t1	GPCRrhod.HG36.13:NA
Tadh_wf_g4955.t1	GPCRrhod.HG36.32:NA
Tadh_wf_g4956.t1	GPCRrhod.HG36.31:NA
Tadh_wf_g4958.t1	GPCRrhod.HG36.30:NA
Tadh_wf_g4959.t1	GPCRrhod.HG36.16:NA
Tadh_wf_g4960.t1	GPCRrhod.HG36.11:NA
Tadh_wf_g4961.t1	GPCRrhod.HG190.0:NA
Tadh_wf_g4993.t1	GPCRrhod.HG51.0:NA
Tadh_wf_g5011.t1	GPCRrhod.HG51.0:NA
Tadh_wf_g5016.t1	GPCRrhod.HG36.28:NA
Tadh_wf_g5126.t1	GPCRrhod.HG45.0:NA
Tadh_wf_g5184.t1	GPCRrhod.HG10.15:NA
Tadh_wf_g5232.t1	GPCRrhod.HG10.25:NA
Tadh_wf_g5353.t1	GPCRrhod.HG41.0:NA
Tadh_wf_g5452.t1	GPCRrhod.HG12.4:NA
Tadh_wf_g547.t1	GPCRrhod.HG10.34:NA
Tadh_wf_g5486.t1	GPCRrhod.HG12.11:NA
Tadh_wf_g5488.t1	GPCRrhod.HG12.19:NA
Tadh_wf_g5489.t1	GPCRrhod.HG12.8:NA
Tadh_wf_g5530.t1	GPCRrhod.HG12.89:NA
Tadh_wf_g5531.t1	GPCRrhod.HG12.49:NA
Tadh_wf_g5532.t1	GPCRrhod.HG12.48:NA
Tadh_wf_g5646.t1	GPCRrhod.HG10.95:NA
Tadh_wf_g5650.t1	GPCRrhod.HG10.16:NA
Tadh_wf_g5651.t1	GPCRrhod.HG10.9:NA
Tadh_wf_g5748.t1	GPCRrhod.HG94.0:NA
Tadh_wf_g6224.t1	GPCRrhod.HG2.55:like:NPFFR1/NPFFR2
Tadh_wf_g622.t1	GPCRrhod.HG10.64:NA
Tadh_wf_g6298.t1	GPCRrhod.HG54.6:NA
Tadh_wf_g6299.t1	GPCRrhod.HG54.10:NA
Tadh_wf_g6300.t1	GPCRrhod.HG54.7:NA
Tadh_wf_g6301.t1	GPCRrhod.HG54.2:NA
Tadh_wf_g6302.t1	GPCRrhod.HG54.0:NA
Tadh_wf_g6303.t1	GPCRrhod.HG54.3:NA
Tadh_wf_g6304.t1	GPCRrhod.HG54.13:NA
Tadh_wf_g6306.t1	GPCRrhod.HG54.15:NA
Tadh_wf_g6351.t1	GPCRrhod.HG65.0:NA
Tadh_wf_g6450.t1	GPCRrhod.HG10.20:NA
Tadh_wf_g6516.t1	GPCRrhod.HG10.21:NA
Tadh_wf_g6517.t1	GPCRrhod.HG10.27:NA
Tadh_wf_g6518.t1	GPCRrhod.HG10.28:NA
Tadh_wf_g6539.t1	GPCRrhod.HG51.0:NA
Tadh_wf_g6540.t1	GPCRrhod.HG51.0:NA
Tadh_wf_g6541.t1	GPCRrhod.HG51.0:NA
Tadh_wf_g6542.t1	GPCRrhod.HG10.22:NA
Tadh_wf_g6609.t1	GPCRrhod.HG10.41:NA
Tadh_wf_g691.t1	GPCRrhod.HG34.23:NA
Tadh_wf_g692.t1	GPCRrhod.HG34.22:NA
Tadh_wf_g693.t1	GPCRrhod.HG34.18:NA
Tadh_wf_g694.t1	GPCRrhod.HG34.18:NA
Tadh_wf_g6972.t1	GPCRsecr.HG1.8:ADGRD2
Tadh_wf_g7079.t1	GPCRglut.HG2.6:like:GRM1/GRM2/GRM3/GRM4/GRM5/GRM6/GRM7/GRM8
Tadh_wf_g7220.t1	GPCRrhod.HG29.0:NA
Tadh_wf_g7233.t1	GPCRrhod.HG6.1:NA
Tadh_wf_g7333.t1	GPCRrhod.HG36.17:NA
Tadh_wf_g7334.t1	GPCRrhod.HG36.18:NA
Tadh_wf_g7457.t1	GPCRrhod.HG41.13:NA
Tadh_wf_g7472.t1	GPCRrhod.HG41.11:NA
Tadh_wf_g7600.t1	GPCRrhod.HG1.42:like:AC144573.1/ADORA1/ADORA2A/ADORA2B/ADORA3/ADRA1A/ADRA1B/ADRA1D/ADRA2A/ADRA2B/ADRA2C/ADRB1/ADRB2/ADRB3/CHRM1/CHRM2/CHRM3/CHRM4/CHRM5/DRD1/DRD2/DRD3/DRD4/DRD5/GPR119/HRH1/HRH2/HRH3/HRH4/HTR1A/HTR1B/HTR1D/HTR1E/HTR1F/HTR2A/HTR2B/HTR2C/HTR4/HTR5A/HTR6/HTR7/TMIGD3
Tadh_wf_g7610.t1	GPCRrhod.HG29.0:NA
Tadh_wf_g7613.t1	GPCRrhod.HG29.0:NA
Tadh_wf_g7732.t1	GPCRrhod.HG78.1:NA
Tadh_wf_g775.t1	GPCRrhod.HG25.1:NA
Tadh_wf_g776.t1	GPCRrhod.HG25.1:NA
Tadh_wf_g7884.t1	GPCRrhod.HG51.0:NA
Tadh_wf_g8194.t1	GPCRrhod.HG37.2:NA
Tadh_wf_g8195.t1	GPCRrhod.HG37.14:NA
Tadh_wf_g8196.t1	GPCRrhod.HG37.16:NA
Tadh_wf_g8197.t1	GPCRrhod.HG37.10:NA
Tadh_wf_g8198.t1	GPCRrhod.HG37.15:NA
Tadh_wf_g8199.t1	GPCRrhod.HG37.6:NA
Tadh_wf_g8200.t1	GPCRrhod.HG37.6:NA
Tadh_wf_g8201.t1	GPCRrhod.HG37.11:NA
Tadh_wf_g8202.t1	GPCRrhod.HG37.7:NA
Tadh_wf_g8328.t1	GPCRrhod.HG12.23:NA
Tadh_wf_g8332.t1	GPCRrhod.HG29.31:NA
Tadh_wf_g8334.t1	GPCRrhod.HG29.12:NA
Tadh_wf_g8345.t1	GPCRrhod.HG29.26:NA
Tadh_wf_g8377.t1	GPCRrhod.HG32.26:NA
Tadh_wf_g8379.t1	GPCRrhod.HG32.30:NA
Tadh_wf_g8380.t1	GPCRrhod.HG32.31:NA
Tadh_wf_g8411.t1	GPCRrhod.HG78.8:NA
Tadh_wf_g8457.t1	GPCRrhod.HG29.32:NA
Tadh_wf_g8461.t1	GPCRrhod.HG10.101:NA
Tadh_wf_g8462.t1	GPCRrhod.HG10.83:NA
Tadh_wf_g8464.t1	GPCRrhod.HG10.62:NA
Tadh_wf_g8465.t1	GPCRrhod.HG10.61:NA
Tadh_wf_g8466.t1	GPCRrhod.HG10.102:NA
Tadh_wf_g8472.t1	GPCRrhod.HG10.58:NA
Tadh_wf_g8528.t1	GPCRrhod.HG12.21:NA
Tadh_wf_g8530.t1	GPCRrhod.HG12.16:NA
Tadh_wf_g8531.t1	GPCRrhod.HG12.17:NA
Tadh_wf_g8532.t1	GPCRrhod.HG12.9:NA
Tadh_wf_g8533.t1	GPCRrhod.HG12.10:NA
Tadh_wf_g8534.t1	GPCRrhod.HG12.5:NA
Tadh_wf_g8589.t1	GPCRrhod.HG36.3:NA
Tadh_wf_g8888.t1	GPCRrhod.HG34.24:NA
Tadh_wf_g8889.t1	GPCRrhod.HG34.27:NA
Tadh_wf_g8899.t1	GPCRrhod.HG34.25:NA
Tadh_wf_g8.t1	GPCRrhod.HG34.4:NA
Tadh_wf_g9031.t1	GPCRrhod.HG12.54:NA
Tadh_wf_g9032.t1	GPCRrhod.HG12.68:NA
Tadh_wf_g9033.t1	GPCRrhod.HG12.67:NA
Tadh_wf_g9034.t1	GPCRrhod.HG12.71:NA
Tadh_wf_g9039.t1	GPCRrhod.HG12.46:NA
Tadh_wf_g9040.t1	GPCRrhod.HG12.53:NA
Tadh_wf_g9041.t1	GPCRrhod.HG12.61:NA
Tadh_wf_g9042.t1	GPCRrhod.HG12.60:NA
Tadh_wf_g9043.t1	GPCRrhod.HG12.66:NA
Tadh_wf_g9045.t1	GPCRrhod.HG12.33:NA
Tadh_wf_g9047.t1	GPCRrhod.HG12.38:NA
Tadh_wf_g9049.t1	GPCRrhod.HG12.45:NA
Tadh_wf_g9225.t1	GPCRsecr.HG1.14:ADGRB1/ADGRB2/ADGRB3
Tadh_wf_g9283.t1	GPCRrhod.HG34.17:NA
Tadh_wf_g9284.t1	GPCRrhod.HG34.30:NA
Tadh_wf_g9285.t1	GPCRrhod.HG34.21:NA
Tadh_wf_g9286.t1	GPCRrhod.HG34.21:NA
Tadh_wf_g9287.t1	GPCRrhod.HG34.21:NA
Tadh_wf_g9310.t1	GPCRrhod.HG10.0:NA
Tadh_wf_g9353.t1	GPCRrhod.HG12.7:NA
Tadh_wf_g9548.t1	GPCRrhod.HG10.37:NA
Tadh_wf_g9550.t1	GPCRrhod.HG10.54:NA
Tadh_wf_g9551.t1	GPCRrhod.HG34.19:NA
Tadh_wf_g9552.t1	GPCRrhod.HG10.53:NA
Tadh_wf_g9558.t1	GPCRrhod.HG10.55:NA
Tadh_wf_g9560.t1	GPCRrhod.HG10.99:NA
Tadh_wf_g9561.t1	GPCRrhod.HG10.51:NA
Tadh_wf_g964.t1	GPCRglut.HG4.1:NA
Tadh_wf_g965.t1	GPCRglut.HG4.4:NA
Tadh_wf_g976.t1	GPCRrhod.HG104.0:NA
Tadh_wf_g9813.t1	GPCRrhod.HG2.3:like:CCKAR/CCKBR/GHSR/GPR19/GPR39/GPR83/GPR176/HCRTR1/HCRTR2/MLNR/NMUR1/NMUR2/NPFFR1/NPFFR2/NPY1R/NPY2R/NPY4R/NPY4R2/NPY5R/NTSR1/NTSR2/PRLHR/PROKR1/PROKR2/QRFPR/TACR1/TACR2/TACR3/TRHR
Tadh_wf_g9828.t1	GPCRrhod.HG10.96:NA
Tadh_wf_g9834.t1	GPCRrhod.HG10.97:NA
Tadh_wf_g9892.t1	GPCRrhod.Unclassified
Tadh_wf_g9895.t1	GPCRrhod.HG101.1:NA
Tadh_wf_g9898.t1	GPCRrhod.HG80.4:NA
Tadh_wf_g9899.t1	GPCRrhod.HG80.3:NA
Tadh_wf_g9901.t1	GPCRrhod.HG80.7:NA
Tadh_wf_g9902.t1	GPCRrhod.HG80.6:NA
Tadh_wf_g9903.t1	GPCRrhod.HG80.6:NA
Tadh_wf_g9944.t1	GPCRrhod.HG12.37:NA
Tadh_wf_g9945.t1	GPCRrhod.HG12.37:NA
Tadh_wf_g9946.t1	GPCRrhod.HG12.37:NA
Tadh_wf_g996.t1	GPCRrhod.HG36.21:NA
