cell	mc	fail_umi_filter	fail_fc_filter	fail_tf_filter
H1H23_5_ACME_10x_10kc_ACATCGAGTTTGCCGG-1	225	TRUE	FALSE	FALSE
H1H23_5_ACME_10x_10kc_ACCTGAACAGGAGGAG-1	84	TRUE	FALSE	FALSE
H1H23_5_ACME_10x_10kc_AGCGCCAGTAGTCTTG-1	159	TRUE	FALSE	FALSE
H1H23_5_ACME_10x_10kc_AGCGTCGGTACCGGCT-1	84	TRUE	FALSE	FALSE
H1H23_5_ACME_10x_10kc_ATGTCCCCAGCAGAAC-1	163	TRUE	FALSE	FALSE
H1H23_5_ACME_10x_10kc_ATTGTTCTCTCAAAGC-1	159	TRUE	FALSE	FALSE
H1H23_5_ACME_10x_10kc_CAGGTATGTGTCTAAC-1	159	TRUE	FALSE	FALSE
H1H23_5_ACME_10x_10kc_CCTAACCCAGCACCCA-1	225	TRUE	FALSE	FALSE
H1H23_5_ACME_10x_10kc_CGCGTGAGTAGCTAAA-1	84	TRUE	FALSE	FALSE
H1H23_5_ACME_10x_10kc_CGTAGTAGTTGGGTAG-1	84	TRUE	FALSE	FALSE
H1H23_5_ACME_10x_10kc_CTCCCAACACCGTGAC-1	162	TRUE	FALSE	FALSE
H1H23_5_ACME_10x_10kc_CTGTGGGGTTCGGCCA-1	89	TRUE	FALSE	FALSE
H1H23_5_ACME_10x_10kc_GAGGGATAGCCAGTAG-1	163	TRUE	FALSE	FALSE
H1H23_5_ACME_10x_10kc_GCGGATCCATGTTACG-1	163	TRUE	FALSE	FALSE
H1H23_5_ACME_10x_10kc_GCGGATCTCCGCAGTG-1	163	TRUE	FALSE	FALSE
H1H23_5_ACME_10x_10kc_GCTGGGTGTAACAAGT-1	225	TRUE	FALSE	FALSE
H1H23_5_ACME_10x_10kc_GTAATCGCAATTGAAG-1	225	TRUE	FALSE	FALSE
H1H23_5_ACME_10x_10kc_GTAGGTTCACTGATTG-1	225	TRUE	FALSE	FALSE
H1H23_5_ACME_10x_10kc_GTGTTCCCAGGAGACT-1	159	TRUE	FALSE	FALSE
H1H23_5_ACME_10x_10kc_GTTCTATGTTCGGACC-1	159	TRUE	FALSE	FALSE
H1H23_5_ACME_10x_10kc_TACTGCCAGCGTGCTC-1	159	TRUE	FALSE	FALSE
H1H23_5_ACME_10x_10kc_TCACAAGGTAAGGCTG-1	28	TRUE	FALSE	FALSE
H1H23_5_ACME_10x_10kc_TCACGGGCAAGTGACG-1	163	TRUE	FALSE	FALSE
H1H23_5_ACME_10x_10kc_TCGTCCATCGGTAGGA-1	89	TRUE	FALSE	FALSE
H1H23_5_ACME_10x_10kc_TCTACCGGTAATGTGA-1	159	TRUE	FALSE	FALSE
H1H23_5_ACME_10x_10kc_TGAGGGATCGATCCCT-1	29	TRUE	FALSE	FALSE
H1H23_5_ACME_10x_10kc_TGCTTGCAGGCTGTAG-1	225	TRUE	FALSE	FALSE
H1H23_5_ACME_10x_10kc_TGGGCGTAGCCACTCG-1	159	TRUE	FALSE	FALSE
H1H23_5_ACME_10x_10kc_TGTTGGACAGTTTCAG-1	159	TRUE	FALSE	FALSE
H1H23_5_ACME_10x_10kc_TTACGTTCACAGCATT-1	159	TRUE	FALSE	FALSE
H1H23_5_ACME_10x_10kc_TTCCTCTCACTTGGGC-1	29	TRUE	FALSE	FALSE
H1H23_5_ACME_10x_10kc_TTCGCTGGTTGGGCCT-1	225	TRUE	FALSE	FALSE
H1H23_5_ACME_10x_10kc_TTTACTGCATGACACT-1	159	TRUE	FALSE	FALSE
H23_1_ACME_10x_10kc_AAACGAAGTATCCTCC-1	29	TRUE	FALSE	FALSE
H23_1_ACME_10x_10kc_AACAACCAGTGGTGGT-1	28	TRUE	FALSE	FALSE
H23_1_ACME_10x_10kc_AACAAGAAGCCTCAAT-1	28	TRUE	FALSE	FALSE
H23_1_ACME_10x_10kc_AACAGGGGTCAGATTC-1	29	TRUE	FALSE	FALSE
H23_1_ACME_10x_10kc_AACAGGGGTTGGGATG-1	28	TRUE	FALSE	FALSE
H23_1_ACME_10x_10kc_AACCTGAGTGCCTATA-1	162	TRUE	FALSE	FALSE
H23_1_ACME_10x_10kc_AACGGGATCTGAGGTT-1	162	TRUE	FALSE	FALSE
H23_1_ACME_10x_10kc_AAGACAATCGACGAGA-1	28	TRUE	FALSE	FALSE
H23_1_ACME_10x_10kc_AAGACTCAGGTACCTT-1	29	TRUE	FALSE	FALSE
H23_1_ACME_10x_10kc_AATAGAGAGTCGCGTT-1	89	TRUE	FALSE	FALSE
H23_1_ACME_10x_10kc_AATGAAGTCGATTTCT-1	28	TRUE	FALSE	FALSE
H23_1_ACME_10x_10kc_ACACAGTGTTGCGAAG-1	28	TRUE	FALSE	FALSE
H23_1_ACME_10x_10kc_ACCATTTCATCACAGT-1	163	TRUE	FALSE	FALSE
H23_1_ACME_10x_10kc_ACCCTCACACAATGCT-1	29	TRUE	FALSE	FALSE
H23_1_ACME_10x_10kc_ACGATCACATGGCCAC-1	28	TRUE	FALSE	FALSE
H23_1_ACME_10x_10kc_ACGATGTGTCAAAGTA-1	29	TRUE	FALSE	FALSE
H23_1_ACME_10x_10kc_ACGGTCGAGGAACGAA-1	29	TRUE	FALSE	FALSE
H23_1_ACME_10x_10kc_ACTGTCCCACACACGC-1	29	TRUE	FALSE	FALSE
H23_1_ACME_10x_10kc_ACTGTCCTCACTGGTA-1	225	TRUE	FALSE	FALSE
H23_1_ACME_10x_10kc_ACTTTCACACGTGTGC-1	164	TRUE	FALSE	FALSE
H23_1_ACME_10x_10kc_ACTTTCACACTTTAGG-1	29	TRUE	FALSE	FALSE
H23_1_ACME_10x_10kc_AGAAGTAAGGCATCAG-1	89	TRUE	FALSE	FALSE
H23_1_ACME_10x_10kc_AGAGCAGGTGTGTGGA-1	29	TRUE	FALSE	FALSE
H23_1_ACME_10x_10kc_AGATGCTAGAAAGTCT-1	29	TRUE	FALSE	FALSE
H23_1_ACME_10x_10kc_AGATGCTAGATACGAT-1	28	TRUE	FALSE	FALSE
H23_1_ACME_10x_10kc_AGATGCTCATAGACTC-1	162	TRUE	FALSE	FALSE
H23_1_ACME_10x_10kc_AGCGCCAAGAGAGTGA-1	29	TRUE	FALSE	FALSE
H23_1_ACME_10x_10kc_AGCTACACATCTCCCA-1	29	TRUE	FALSE	FALSE
H23_1_ACME_10x_10kc_AGGACTTAGGAGAATG-1	29	TRUE	FALSE	FALSE
H23_1_ACME_10x_10kc_AGGCTGCAGATGATTG-1	29	TRUE	FALSE	FALSE
H23_1_ACME_10x_10kc_AGGGAGTAGCTCCACG-1	29	TRUE	FALSE	FALSE
H23_1_ACME_10x_10kc_AGGGTCCCAAAGTATG-1	29	TRUE	FALSE	FALSE
H23_1_ACME_10x_10kc_AGGGTGATCTTCCCGA-1	29	TRUE	FALSE	FALSE
H23_1_ACME_10x_10kc_AGGTAGGTCGAGCTGC-1	29	TRUE	FALSE	FALSE
H23_1_ACME_10x_10kc_AGGTCATGTTGTAGCT-1	89	TRUE	FALSE	FALSE
H23_1_ACME_10x_10kc_AGGTTGTTCTCGTCGT-1	29	TRUE	FALSE	FALSE
H23_1_ACME_10x_10kc_AGTAGCTGTCTTCAAG-1	29	TRUE	FALSE	FALSE
H23_1_ACME_10x_10kc_AGTAGTCTCGACGACC-1	162	TRUE	FALSE	FALSE
H23_1_ACME_10x_10kc_AGTCATGTCGAGTACT-1	89	TRUE	FALSE	FALSE
H23_1_ACME_10x_10kc_AGTTCGAGTGCGGATA-1	29	TRUE	FALSE	FALSE
H23_1_ACME_10x_10kc_ATCCACCTCGGAATGG-1	89	TRUE	FALSE	FALSE
H23_1_ACME_10x_10kc_ATCCATTAGATCACTC-1	28	TRUE	FALSE	FALSE
H23_1_ACME_10x_10kc_ATCCATTGTCCTGTTC-1	29	TRUE	FALSE	FALSE
H23_1_ACME_10x_10kc_ATCGGATGTGAATTGA-1	164	TRUE	FALSE	FALSE
H23_1_ACME_10x_10kc_ATCGTCCAGAAGCGGG-1	29	TRUE	FALSE	FALSE
H23_1_ACME_10x_10kc_ATCTTCAAGTTGCTCA-1	28	TRUE	FALSE	FALSE
H23_1_ACME_10x_10kc_ATGAAAGCATCTTTCA-1	162	TRUE	FALSE	FALSE
H23_1_ACME_10x_10kc_ATGACCAGTCATTCCC-1	29	TRUE	FALSE	FALSE
H23_1_ACME_10x_10kc_ATGACCATCTAACGGT-1	28	TRUE	FALSE	FALSE
H23_1_ACME_10x_10kc_ATGGGAGAGCGATGCA-1	163	TRUE	FALSE	FALSE
H23_1_ACME_10x_10kc_ATGGTTGCACTCCCTA-1	28	TRUE	FALSE	FALSE
H23_1_ACME_10x_10kc_ATTCCTACACTTTAGG-1	29	TRUE	FALSE	FALSE
H23_1_ACME_10x_10kc_ATTCTACGTCTCACAA-1	89	TRUE	FALSE	FALSE
H23_1_ACME_10x_10kc_ATTTACCAGCCTGCCA-1	29	TRUE	FALSE	FALSE
H23_1_ACME_10x_10kc_CAAAGAATCGTTGTGA-1	29	TRUE	FALSE	FALSE
H23_1_ACME_10x_10kc_CAACAGTGTGGGTCAA-1	159	TRUE	FALSE	FALSE
H23_1_ACME_10x_10kc_CAAGACTAGGAGTCTG-1	163	TRUE	FALSE	FALSE
H23_1_ACME_10x_10kc_CAAGGGAAGTGATCGG-1	29	TRUE	FALSE	FALSE
H23_1_ACME_10x_10kc_CAATACGCAATTGAAG-1	29	TRUE	FALSE	FALSE
H23_1_ACME_10x_10kc_CAATACGTCTTGCAGA-1	164	TRUE	FALSE	FALSE
H23_1_ACME_10x_10kc_CACAGATCACAATGAA-1	28	TRUE	FALSE	FALSE
H23_1_ACME_10x_10kc_CACAGATTCCTGTTAT-1	89	TRUE	FALSE	FALSE
H23_1_ACME_10x_10kc_CACATGACAGTCGTTA-1	28	TRUE	FALSE	FALSE
H23_1_ACME_10x_10kc_CACGTTCGTAATCAGA-1	162	TRUE	FALSE	FALSE
H23_1_ACME_10x_10kc_CAGCAATTCCTCGCAT-1	28	TRUE	FALSE	FALSE
H23_1_ACME_10x_10kc_CAGCAGCGTGGACTAG-1	29	TRUE	FALSE	FALSE
H23_1_ACME_10x_10kc_CAGTTCCCAAGCACCC-1	29	TRUE	FALSE	FALSE
H23_1_ACME_10x_10kc_CATAAGCCAGACAATA-1	28	TRUE	FALSE	FALSE
H23_1_ACME_10x_10kc_CATCAAGTCACTGGTA-1	28	TRUE	FALSE	FALSE
H23_1_ACME_10x_10kc_CATGCCTGTGCGTTTA-1	28	TRUE	FALSE	FALSE
H23_1_ACME_10x_10kc_CATTGCCTCACCCTCA-1	28	TRUE	FALSE	FALSE
H23_1_ACME_10x_10kc_CCAAGCGGTATCTCTT-1	162	TRUE	FALSE	FALSE
H23_1_ACME_10x_10kc_CCAAGCGGTGTGTCCG-1	29	TRUE	FALSE	FALSE
H23_1_ACME_10x_10kc_CCAAGCGTCGAAGTGG-1	28	TRUE	FALSE	FALSE
H23_1_ACME_10x_10kc_CCACCATTCACACCGG-1	28	TRUE	FALSE	FALSE
H23_1_ACME_10x_10kc_CCATAAGTCCATTGCC-1	29	TRUE	FALSE	FALSE
H23_1_ACME_10x_10kc_CCCAACTAGCTCGGCT-1	162	TRUE	FALSE	FALSE
H23_1_ACME_10x_10kc_CCGATCTTCTGCGATA-1	28	TRUE	FALSE	FALSE
H23_1_ACME_10x_10kc_CCGCAAGAGGCTGGAT-1	28	TRUE	FALSE	FALSE
H23_1_ACME_10x_10kc_CCGTGAGAGTGTGTTC-1	29	TRUE	FALSE	FALSE
H23_1_ACME_10x_10kc_CCGTGAGCACGACTAT-1	28	TRUE	FALSE	FALSE
H23_1_ACME_10x_10kc_CCGTTCACAGGATGAC-1	28	TRUE	FALSE	FALSE
H23_1_ACME_10x_10kc_CCTTGTGCAACCGCCA-1	28	TRUE	FALSE	FALSE
H23_1_ACME_10x_10kc_CCTTTGGTCCCGAGTG-1	29	TRUE	FALSE	FALSE
H23_1_ACME_10x_10kc_CGACAGCCAAACCATC-1	28	TRUE	FALSE	FALSE
H23_1_ACME_10x_10kc_CGAGAAGGTCTTGGTA-1	29	TRUE	FALSE	FALSE
H23_1_ACME_10x_10kc_CGCATAAAGTTGCTCA-1	89	TRUE	FALSE	FALSE
H23_1_ACME_10x_10kc_CGCCAGATCGCCACTT-1	162	TRUE	FALSE	FALSE
H23_1_ACME_10x_10kc_CGTAATGTCGTGACTA-1	29	TRUE	FALSE	FALSE
H23_1_ACME_10x_10kc_CGTGTCTGTTGCAAGG-1	29	TRUE	FALSE	FALSE
H23_1_ACME_10x_10kc_CTACCTGCACTTGAAC-1	29	TRUE	FALSE	FALSE
H23_1_ACME_10x_10kc_CTACGGGTCTTAGCAG-1	29	TRUE	FALSE	FALSE
H23_1_ACME_10x_10kc_CTAGGTATCTCCCAAC-1	164	TRUE	FALSE	FALSE
H23_1_ACME_10x_10kc_CTCCATGGTTCAACGT-1	28	TRUE	FALSE	FALSE
H23_1_ACME_10x_10kc_CTCGAGGAGGCCACCT-1	29	TRUE	FALSE	FALSE
H23_1_ACME_10x_10kc_CTCTCAGCAGACCCGT-1	29	TRUE	FALSE	FALSE
H23_1_ACME_10x_10kc_CTGAATGGTTGTCCCT-1	162	TRUE	FALSE	FALSE
H23_1_ACME_10x_10kc_CTGATCCGTTAAGTCC-1	28	TRUE	FALSE	FALSE
H23_1_ACME_10x_10kc_CTGCAGGAGTTCTCTT-1	159	TRUE	FALSE	FALSE
H23_1_ACME_10x_10kc_CTGCCATGTTCGAGCC-1	162	TRUE	FALSE	FALSE
H23_1_ACME_10x_10kc_CTGGACGCAAGGGTCA-1	29	TRUE	FALSE	FALSE
H23_1_ACME_10x_10kc_CTGGTCTCACCCTGTT-1	29	TRUE	FALSE	FALSE
H23_1_ACME_10x_10kc_CTGTACCAGGTAAGAG-1	164	TRUE	FALSE	FALSE
H23_1_ACME_10x_10kc_CTGTAGACAAACGTGG-1	162	TRUE	FALSE	FALSE
H23_1_ACME_10x_10kc_CTTCCTTGTTGGTACT-1	29	TRUE	FALSE	FALSE
H23_1_ACME_10x_10kc_CTTCGGTCATGAGATA-1	28	TRUE	FALSE	FALSE
H23_1_ACME_10x_10kc_CTTCTCTAGTAATTGG-1	28	TRUE	FALSE	FALSE
H23_1_ACME_10x_10kc_CTTCTCTCAATAGTCC-1	29	TRUE	FALSE	FALSE
H23_1_ACME_10x_10kc_CTTTCAACACATTACG-1	164	TRUE	FALSE	FALSE
H23_1_ACME_10x_10kc_GAACACTAGGCGAAGG-1	28	TRUE	FALSE	FALSE
H23_1_ACME_10x_10kc_GAATCACCAAGATTGA-1	225	TRUE	FALSE	FALSE
H23_1_ACME_10x_10kc_GACATCATCCCTCTTT-1	164	TRUE	FALSE	FALSE
H23_1_ACME_10x_10kc_GAGTCATTCTGCGATA-1	28	TRUE	FALSE	FALSE
H23_1_ACME_10x_10kc_GAGTTACGTTATCCAG-1	28	TRUE	FALSE	FALSE
H23_1_ACME_10x_10kc_GAGTTGTAGGAACATT-1	162	TRUE	FALSE	FALSE
H23_1_ACME_10x_10kc_GATCACAGTAGGAGTC-1	28	TRUE	FALSE	FALSE
H23_1_ACME_10x_10kc_GATCAGTGTAGATGTA-1	29	TRUE	FALSE	FALSE
H23_1_ACME_10x_10kc_GATCATGAGTGTTGTC-1	29	TRUE	FALSE	FALSE
H23_1_ACME_10x_10kc_GATTCTTCAATCGTCA-1	29	TRUE	FALSE	FALSE
H23_1_ACME_10x_10kc_GCACTAAGTCGTACTA-1	29	TRUE	FALSE	FALSE
H23_1_ACME_10x_10kc_GCAGTTAGTAGTCGTT-1	29	TRUE	FALSE	FALSE
H23_1_ACME_10x_10kc_GCATCGGAGCACGTCC-1	29	TRUE	FALSE	FALSE
H23_1_ACME_10x_10kc_GCATCGGAGCATGATA-1	28	TRUE	FALSE	FALSE
H23_1_ACME_10x_10kc_GCATTAGTCTGCTTAT-1	28	TRUE	FALSE	FALSE
H23_1_ACME_10x_10kc_GCCAACGGTATGGTTC-1	29	TRUE	FALSE	FALSE
H23_1_ACME_10x_10kc_GCCAGCATCGGAGTGA-1	29	TRUE	FALSE	FALSE
H23_1_ACME_10x_10kc_GCCAGGTAGACGCAGT-1	28	TRUE	FALSE	FALSE
H23_1_ACME_10x_10kc_GCCGTGAAGGATACGC-1	29	TRUE	FALSE	FALSE
H23_1_ACME_10x_10kc_GCTACCTAGATCCGAG-1	28	TRUE	FALSE	FALSE
H23_1_ACME_10x_10kc_GCTCAAACAATCGCCG-1	164	TRUE	FALSE	FALSE
H23_1_ACME_10x_10kc_GCTTCACGTTAAACAG-1	89	TRUE	FALSE	FALSE
H23_1_ACME_10x_10kc_GCTTGGGAGAAACCAT-1	164	TRUE	FALSE	FALSE
H23_1_ACME_10x_10kc_GCTTGGGAGTTCCGTA-1	28	TRUE	FALSE	FALSE
H23_1_ACME_10x_10kc_GGAATGGGTTTCCCAC-1	29	TRUE	FALSE	FALSE
H23_1_ACME_10x_10kc_GGAATGGTCTACTATC-1	29	TRUE	FALSE	FALSE
H23_1_ACME_10x_10kc_GGATCTACATGAAGGC-1	28	TRUE	FALSE	FALSE
H23_1_ACME_10x_10kc_GGGAAGTCATGTACGT-1	28	TRUE	FALSE	FALSE
H23_1_ACME_10x_10kc_GGGAAGTTCTCAATCT-1	29	TRUE	FALSE	FALSE
H23_1_ACME_10x_10kc_GGGCTACTCTCCCATG-1	29	TRUE	FALSE	FALSE
H23_1_ACME_10x_10kc_GGGTCACAGCGATGCA-1	29	TRUE	FALSE	FALSE
H23_1_ACME_10x_10kc_GGGTTATAGCTCCACG-1	89	TRUE	FALSE	FALSE
H23_1_ACME_10x_10kc_GGTGAAGTCCGTGGTG-1	162	TRUE	FALSE	FALSE
H23_1_ACME_10x_10kc_GTAATCGTCCGGCAAC-1	29	TRUE	FALSE	FALSE
H23_1_ACME_10x_10kc_GTACAACGTCAACCTA-1	164	TRUE	FALSE	FALSE
H23_1_ACME_10x_10kc_GTAGAAAGTGGCCCAT-1	28	TRUE	FALSE	FALSE
H23_1_ACME_10x_10kc_GTAGATCTCGCATTAG-1	162	TRUE	FALSE	FALSE
H23_1_ACME_10x_10kc_GTAGCTACAACAGTGG-1	162	TRUE	FALSE	FALSE
H23_1_ACME_10x_10kc_GTAGGAGAGATAGCAT-1	28	TRUE	FALSE	FALSE
H23_1_ACME_10x_10kc_GTAGGTTAGATTAGAC-1	89	TRUE	FALSE	FALSE
H23_1_ACME_10x_10kc_GTAGGTTGTGATCATC-1	29	TRUE	FALSE	FALSE
H23_1_ACME_10x_10kc_GTAGTACCAGCACAAG-1	28	TRUE	FALSE	FALSE
H23_1_ACME_10x_10kc_GTAGTACCAGCGTTGC-1	29	TRUE	FALSE	FALSE
H23_1_ACME_10x_10kc_GTAGTACTCACAACCA-1	28	TRUE	FALSE	FALSE
H23_1_ACME_10x_10kc_GTCATGAGTGCTCTCT-1	164	TRUE	FALSE	FALSE
H23_1_ACME_10x_10kc_GTCCACTAGAGAGCCT-1	29	TRUE	FALSE	FALSE
H23_1_ACME_10x_10kc_GTGACGCGTCACGACC-1	28	TRUE	FALSE	FALSE
H23_1_ACME_10x_10kc_GTGCAGCAGTAACAGT-1	29	TRUE	FALSE	FALSE
H23_1_ACME_10x_10kc_GTGCTTCTCCTCACCA-1	162	TRUE	FALSE	FALSE
H23_1_ACME_10x_10kc_GTGGAGAGTCATGACT-1	162	TRUE	FALSE	FALSE
H23_1_ACME_10x_10kc_GTGGGAATCACGGAGA-1	28	TRUE	FALSE	FALSE
H23_1_ACME_10x_10kc_GTGTCCTCAAGATCCT-1	28	TRUE	FALSE	FALSE
H23_1_ACME_10x_10kc_GTTCGCTAGTTAGTGA-1	28	TRUE	FALSE	FALSE
H23_1_ACME_10x_10kc_GTTCGCTTCGGAGCAA-1	29	TRUE	FALSE	FALSE
H23_1_ACME_10x_10kc_GTTCTATAGGCTTAAA-1	29	TRUE	FALSE	FALSE
H23_1_ACME_10x_10kc_TAACCAGCAGGATGAC-1	162	TRUE	FALSE	FALSE
H23_1_ACME_10x_10kc_TAAGCGTCACAGAGAC-1	29	TRUE	FALSE	FALSE
H23_1_ACME_10x_10kc_TAAGCGTTCGACATCA-1	29	TRUE	FALSE	FALSE
H23_1_ACME_10x_10kc_TAATTCCGTGGTCTAT-1	29	TRUE	FALSE	FALSE
H23_1_ACME_10x_10kc_TACAGGTAGCAACTTC-1	29	TRUE	FALSE	FALSE
H23_1_ACME_10x_10kc_TACCTGCAGCCAGTAG-1	89	TRUE	FALSE	FALSE
H23_1_ACME_10x_10kc_TACCTGCGTTGCATTG-1	89	TRUE	FALSE	FALSE
H23_1_ACME_10x_10kc_TACGCTCAGGTAAGAG-1	29	TRUE	FALSE	FALSE
H23_1_ACME_10x_10kc_TACTTACAGCTCCCTT-1	162	TRUE	FALSE	FALSE
H23_1_ACME_10x_10kc_TAGACTGCATGCCGGT-1	164	TRUE	FALSE	FALSE
H23_1_ACME_10x_10kc_TAGCACACACAGTGTT-1	29	TRUE	FALSE	FALSE
H23_1_ACME_10x_10kc_TATCAGGTCAACTGGT-1	28	TRUE	FALSE	FALSE
H23_1_ACME_10x_10kc_TATGTTCCATCCGGTG-1	89	TRUE	FALSE	FALSE
H23_1_ACME_10x_10kc_TATGTTCGTGAGTTGG-1	225	TRUE	FALSE	FALSE
H23_1_ACME_10x_10kc_TATTGGGGTTACCTTT-1	29	TRUE	FALSE	FALSE
H23_1_ACME_10x_10kc_TCACACCCAACCAACT-1	29	TRUE	FALSE	FALSE
H23_1_ACME_10x_10kc_TCACGCTAGCGCCTAC-1	164	TRUE	FALSE	FALSE
H23_1_ACME_10x_10kc_TCAGCAAGTTCCAGGC-1	29	TRUE	FALSE	FALSE
H23_1_ACME_10x_10kc_TCAGTTTCAGGTTCGC-1	164	TRUE	FALSE	FALSE
H23_1_ACME_10x_10kc_TCATTTGGTAAGGCTG-1	29	TRUE	FALSE	FALSE
H23_1_ACME_10x_10kc_TCCACCAGTGGCAGAT-1	29	TRUE	FALSE	FALSE
H23_1_ACME_10x_10kc_TCCACGTCATCAGTCA-1	162	TRUE	FALSE	FALSE
H23_1_ACME_10x_10kc_TCCACGTTCAAAGGTA-1	28	TRUE	FALSE	FALSE
H23_1_ACME_10x_10kc_TCCCATGTCGGTAGAG-1	162	TRUE	FALSE	FALSE
H23_1_ACME_10x_10kc_TCCTCCCTCAGACCTA-1	28	TRUE	FALSE	FALSE
H23_1_ACME_10x_10kc_TCCTGCACAAATTAGG-1	164	TRUE	FALSE	FALSE
H23_1_ACME_10x_10kc_TCGACCTCAGGGTCTC-1	28	TRUE	FALSE	FALSE
H23_1_ACME_10x_10kc_TCGATTTTCGGCATTA-1	163	TRUE	FALSE	FALSE
H23_1_ACME_10x_10kc_TCGCACTGTAGCGTCC-1	89	TRUE	FALSE	FALSE
H23_1_ACME_10x_10kc_TCGGGTGAGACCACGA-1	164	TRUE	FALSE	FALSE
H23_1_ACME_10x_10kc_TCTAACTTCAACACCA-1	29	TRUE	FALSE	FALSE
H23_1_ACME_10x_10kc_TCTACCGGTTTGGGTT-1	29	TRUE	FALSE	FALSE
H23_1_ACME_10x_10kc_TCTATACAGAATTGCA-1	28	TRUE	FALSE	FALSE
H23_1_ACME_10x_10kc_TCTTTGAGTAAGCAAT-1	89	TRUE	FALSE	FALSE
H23_1_ACME_10x_10kc_TGACTCCGTGTTGACT-1	162	TRUE	FALSE	FALSE
H23_1_ACME_10x_10kc_TGAGACTCAGTGGCTC-1	29	TRUE	FALSE	FALSE
H23_1_ACME_10x_10kc_TGAGCGCCACTGCGTG-1	28	TRUE	FALSE	FALSE
H23_1_ACME_10x_10kc_TGAGGGAGTCTTGAGT-1	29	TRUE	FALSE	FALSE
H23_1_ACME_10x_10kc_TGAGGTTGTCTTCAAG-1	29	TRUE	FALSE	FALSE
H23_1_ACME_10x_10kc_TGATTTCGTCCTGTTC-1	29	TRUE	FALSE	FALSE
H23_1_ACME_10x_10kc_TGCACGGCACGACGAA-1	164	TRUE	FALSE	FALSE
H23_1_ACME_10x_10kc_TGCGACGAGACGCCAA-1	28	TRUE	FALSE	FALSE
H23_1_ACME_10x_10kc_TGCTTGCAGCTAGTTC-1	28	TRUE	FALSE	FALSE
H23_1_ACME_10x_10kc_TGGGATTTCCGGCAAC-1	29	TRUE	FALSE	FALSE
H23_1_ACME_10x_10kc_TGGGCGTAGCTGACCC-1	28	TRUE	FALSE	FALSE
H23_1_ACME_10x_10kc_TGGGCGTCAGTCTCTC-1	164	TRUE	FALSE	FALSE
H23_1_ACME_10x_10kc_TGGGCTGAGAACCGCA-1	29	TRUE	FALSE	FALSE
H23_1_ACME_10x_10kc_TGGGCTGCAGCAGGAT-1	29	TRUE	FALSE	FALSE
H23_1_ACME_10x_10kc_TGGGCTGTCTGAGCAT-1	28	TRUE	FALSE	FALSE
H23_1_ACME_10x_10kc_TGGTAGTTCGTGCATA-1	89	TRUE	FALSE	FALSE
H23_1_ACME_10x_10kc_TGTCAGAGTTATTCCT-1	28	TRUE	FALSE	FALSE
H23_1_ACME_10x_10kc_TGTGCGGAGGTGCAGT-1	164	TRUE	FALSE	FALSE
H23_1_ACME_10x_10kc_TGTTTGTTCTACGGTA-1	89	TRUE	FALSE	FALSE
H23_1_ACME_10x_10kc_TTACCATTCTATCGCC-1	29	TRUE	FALSE	FALSE
H23_1_ACME_10x_10kc_TTACTGTTCGATTGAC-1	225	TRUE	FALSE	FALSE
H23_1_ACME_10x_10kc_TTAGGCAAGTGTTGAA-1	164	TRUE	FALSE	FALSE
H23_1_ACME_10x_10kc_TTCCAATGTTATTCCT-1	29	TRUE	FALSE	FALSE
H23_1_ACME_10x_10kc_TTGCCTGAGCTGAGTG-1	159	TRUE	FALSE	FALSE
H23_1_ACME_10x_10kc_TTGGATGAGGTTACCT-1	29	TRUE	FALSE	FALSE
H23_1_ACME_10x_10kc_TTTACCAGTTATCCAG-1	89	TRUE	FALSE	FALSE
H23_1_ACME_10x_10kc_TTTATGCGTCACTCGG-1	29	TRUE	FALSE	FALSE
H23_1_ACME_10x_10kc_TTTCACAAGCCACAAG-1	29	TRUE	FALSE	FALSE
H23_1_ACME_10x_10kc_TTTGGAGTCTAGTCAG-1	28	TRUE	FALSE	FALSE
H23_2_ACME_10x_10kc_AAAGGTAGTTTGATCG-1	164	TRUE	FALSE	FALSE
H23_2_ACME_10x_10kc_AAGACTCCAAGCCCAC-1	164	TRUE	FALSE	FALSE
H23_2_ACME_10x_10kc_AAGGTAAGTTTACTTC-1	164	TRUE	FALSE	FALSE
H23_2_ACME_10x_10kc_AAGTTCGTCTAGCATG-1	89	TRUE	FALSE	FALSE
H23_2_ACME_10x_10kc_AATCGACTCTCAAAGC-1	89	TRUE	FALSE	FALSE
H23_2_ACME_10x_10kc_AATTTCCTCTCCCATG-1	159	TRUE	FALSE	FALSE
H23_2_ACME_10x_10kc_ACATCCCTCTCGAGTA-1	29	TRUE	FALSE	FALSE
H23_2_ACME_10x_10kc_ACCAAACAGACGACGT-1	28	TRUE	FALSE	FALSE
H23_2_ACME_10x_10kc_ACCAACATCAGTAGGG-1	162	TRUE	FALSE	FALSE
H23_2_ACME_10x_10kc_ACCCTCATCTGCACCT-1	89	TRUE	FALSE	FALSE
H23_2_ACME_10x_10kc_ACTCTCGCAACCAACT-1	164	TRUE	FALSE	FALSE
H23_2_ACME_10x_10kc_AGACCCGGTCGTTCAA-1	89	TRUE	FALSE	FALSE
H23_2_ACME_10x_10kc_AGAGAATGTCCAACGC-1	159	TRUE	FALSE	FALSE
H23_2_ACME_10x_10kc_AGATGAAAGTTAACAG-1	164	TRUE	FALSE	FALSE
H23_2_ACME_10x_10kc_AGCATCATCCGGCAAC-1	89	TRUE	FALSE	FALSE
H23_2_ACME_10x_10kc_AGCGCTGCACAATGCT-1	164	TRUE	FALSE	FALSE
H23_2_ACME_10x_10kc_AGGAAATGTAGTGTGG-1	164	TRUE	FALSE	FALSE
H23_2_ACME_10x_10kc_AGGAGGTCATTGAGCT-1	225	TRUE	FALSE	FALSE
H23_2_ACME_10x_10kc_AGGGCCTTCGGAGTAG-1	162	TRUE	FALSE	FALSE
H23_2_ACME_10x_10kc_AGGGTTTAGTGGGAAA-1	28	TRUE	FALSE	FALSE
H23_2_ACME_10x_10kc_AGGTTGTTCCGTATGA-1	164	TRUE	FALSE	FALSE
H23_2_ACME_10x_10kc_AGTCTCCTCTCTGCCA-1	89	TRUE	FALSE	FALSE
H23_2_ACME_10x_10kc_AGTTAGCCATGAATAG-1	162	TRUE	FALSE	FALSE
H23_2_ACME_10x_10kc_CAAGAGGTCCACTAGA-1	225	TRUE	FALSE	FALSE
H23_2_ACME_10x_10kc_CACTAAGGTGATTGGG-1	89	TRUE	FALSE	FALSE
H23_2_ACME_10x_10kc_CATGCAAGTACCGTGC-1	164	TRUE	FALSE	FALSE
H23_2_ACME_10x_10kc_CATTGTTAGCAAGTGC-1	164	TRUE	FALSE	FALSE
H23_2_ACME_10x_10kc_CCGATCTTCATGCGGC-1	164	TRUE	FALSE	FALSE
H23_2_ACME_10x_10kc_CGAGAAGTCGATACAC-1	29	TRUE	FALSE	FALSE
H23_2_ACME_10x_10kc_CGATGCGTCACACCCT-1	164	TRUE	FALSE	FALSE
H23_2_ACME_10x_10kc_CTAGACAGTCAAAGCG-1	164	TRUE	FALSE	FALSE
H23_2_ACME_10x_10kc_CTATCTAAGGGCCAAT-1	164	TRUE	FALSE	FALSE
H23_2_ACME_10x_10kc_CTCAGAAGTAGGTCAG-1	89	TRUE	FALSE	FALSE
H23_2_ACME_10x_10kc_CTCAGTCGTGGGAGAG-1	162	TRUE	FALSE	FALSE
H23_2_ACME_10x_10kc_CTCTGGTTCTGTCGCT-1	164	TRUE	FALSE	FALSE
H23_2_ACME_10x_10kc_CTTGATTAGGTCCAGA-1	225	TRUE	FALSE	FALSE
H23_2_ACME_10x_10kc_GAAACCTCACACGCCA-1	164	TRUE	FALSE	FALSE
H23_2_ACME_10x_10kc_GAGCTGCCACGACGCT-1	225	TRUE	FALSE	FALSE
H23_2_ACME_10x_10kc_GAGGCCTCAATTCTTC-1	163	TRUE	FALSE	FALSE
H23_2_ACME_10x_10kc_GATTCGACAACTGCTA-1	29	TRUE	FALSE	FALSE
H23_2_ACME_10x_10kc_GATTTCTTCCCAGGCA-1	164	TRUE	FALSE	FALSE
H23_2_ACME_10x_10kc_GCCATTCAGACTCTAC-1	163	TRUE	FALSE	FALSE
H23_2_ACME_10x_10kc_GGGACTCAGACCTCCG-1	164	TRUE	FALSE	FALSE
H23_2_ACME_10x_10kc_GGGAGATCATCTTTCA-1	89	TRUE	FALSE	FALSE
H23_2_ACME_10x_10kc_GGGCGTTCAACACAGG-1	164	TRUE	FALSE	FALSE
H23_2_ACME_10x_10kc_GGGTGTCCATAGACTC-1	164	TRUE	FALSE	FALSE
H23_2_ACME_10x_10kc_GGGTTTACACCAAATC-1	89	TRUE	FALSE	FALSE
H23_2_ACME_10x_10kc_GTATTTCTCAACTTTC-1	164	TRUE	FALSE	FALSE
H23_2_ACME_10x_10kc_GTCACGGGTTGCGGAA-1	89	TRUE	FALSE	FALSE
H23_2_ACME_10x_10kc_GTCCACTTCCCATGGG-1	89	TRUE	FALSE	FALSE
H23_2_ACME_10x_10kc_GTTACCCTCTTTGCAT-1	164	TRUE	FALSE	FALSE
H23_2_ACME_10x_10kc_TACGGGCTCCCATAGA-1	164	TRUE	FALSE	FALSE
H23_2_ACME_10x_10kc_TACTTACGTGCTCTCT-1	164	TRUE	FALSE	FALSE
H23_2_ACME_10x_10kc_TAGACCATCAGACTGT-1	225	TRUE	FALSE	FALSE
H23_2_ACME_10x_10kc_TAGACTGGTAGGCTGA-1	164	TRUE	FALSE	FALSE
H23_2_ACME_10x_10kc_TAGCACAGTTCGATTG-1	164	TRUE	FALSE	FALSE
H23_2_ACME_10x_10kc_TCAAGTGAGGTGCTGA-1	164	TRUE	FALSE	FALSE
H23_2_ACME_10x_10kc_TCAGTGACACACCAGC-1	164	TRUE	FALSE	FALSE
H23_2_ACME_10x_10kc_TCAGTGAGTACCTGTA-1	225	TRUE	FALSE	FALSE
H23_2_ACME_10x_10kc_TCATTACCAAATACAG-1	225	TRUE	FALSE	FALSE
H23_2_ACME_10x_10kc_TCCGGGAAGCCAGACA-1	89	TRUE	FALSE	FALSE
H23_2_ACME_10x_10kc_TCCTTTCCACGGGTAA-1	162	TRUE	FALSE	FALSE
H23_2_ACME_10x_10kc_TCGTCCAGTAGGACCA-1	164	TRUE	FALSE	FALSE
H23_2_ACME_10x_10kc_TGACGCGCACGCTGAC-1	164	TRUE	FALSE	FALSE
H23_2_ACME_10x_10kc_TGATCAGCAAAGGGTC-1	89	TRUE	FALSE	FALSE
H23_2_ACME_10x_10kc_TGCAGTAAGGGTTGCA-1	162	TRUE	FALSE	FALSE
H23_2_ACME_10x_10kc_TGCAGTAGTGGTAACG-1	164	TRUE	FALSE	FALSE
H23_2_ACME_10x_10kc_TGGGAAGTCTTCCCAG-1	163	TRUE	FALSE	FALSE
H23_2_ACME_10x_10kc_TGGGATTTCACGTCCT-1	89	TRUE	FALSE	FALSE
H23_2_ACME_10x_10kc_TGGGCGTCACGCGTCA-1	164	TRUE	FALSE	FALSE
H23_2_ACME_10x_10kc_TGTAGACCACAGACGA-1	89	TRUE	FALSE	FALSE
H23_2_ACME_10x_10kc_TTCAATCGTTCAAGGG-1	163	TRUE	FALSE	FALSE
H23_2_ACME_10x_10kc_TTCATTGTCGTCGCTT-1	29	TRUE	FALSE	FALSE
H23_2_ACME_10x_10kc_TTCCGGTCAGTCAGCC-1	164	TRUE	FALSE	FALSE
H23_2_ACME_10x_10kc_TTCCTAATCCTGTACC-1	89	TRUE	FALSE	FALSE
H23_2_ACME_10x_10kc_TTCTAGTGTGCCGAAA-1	89	TRUE	FALSE	FALSE
H23_2_ACME_10x_10kc_TTCTTGAGTCGGAAAC-1	89	TRUE	FALSE	FALSE
H23_2_ACME_10x_10kc_TTTAGTCAGGATGTTA-1	164	TRUE	FALSE	FALSE
H23_2_ACME_10x_10kc_TTTCACATCGGCTTGG-1	164	TRUE	FALSE	FALSE
H23_3_ACME_10x_10kc_AAACGAAGTCCGGATC-1	89	TRUE	FALSE	FALSE
H23_3_ACME_10x_10kc_AAGTACCAGTCTTCCC-1	89	TRUE	FALSE	FALSE
H23_3_ACME_10x_10kc_AAGTCGTAGTGCGTCC-1	29	TRUE	FALSE	FALSE
H23_3_ACME_10x_10kc_ACCCTCAGTATCGCTA-1	159	TRUE	FALSE	FALSE
H23_3_ACME_10x_10kc_AGCCAATAGTCGCCCA-1	164	TRUE	FALSE	FALSE
H23_3_ACME_10x_10kc_AGGAATAGTTGGGCCT-1	89	TRUE	FALSE	FALSE
H23_3_ACME_10x_10kc_AGGATAAAGTGGACTG-1	162	TRUE	FALSE	FALSE
H23_3_ACME_10x_10kc_AGGCCACTCTCCCATG-1	164	TRUE	FALSE	FALSE
H23_3_ACME_10x_10kc_AGGTCTAAGGAACTAT-1	163	TRUE	FALSE	FALSE
H23_3_ACME_10x_10kc_ATGGATCGTACTCCGG-1	162	TRUE	FALSE	FALSE
H23_3_ACME_10x_10kc_ATTCACTGTCTTGCGG-1	163	TRUE	FALSE	FALSE
H23_3_ACME_10x_10kc_ATTCTACAGTACAACA-1	89	TRUE	FALSE	FALSE
H23_3_ACME_10x_10kc_CAACAGTGTAGAGACC-1	162	TRUE	FALSE	FALSE
H23_3_ACME_10x_10kc_CCGATGGGTACTAACC-1	89	TRUE	FALSE	FALSE
H23_3_ACME_10x_10kc_CGAATTGTCAACGCTA-1	164	TRUE	FALSE	FALSE
H23_3_ACME_10x_10kc_CGATCGGGTATACAGA-1	29	TRUE	FALSE	FALSE
H23_3_ACME_10x_10kc_CGGCAGTCACCGCTAG-1	89	TRUE	FALSE	FALSE
H23_3_ACME_10x_10kc_CTCATTAAGCGATGGT-1	164	TRUE	FALSE	FALSE
H23_3_ACME_10x_10kc_CTTACCGTCATTATCC-1	29	TRUE	FALSE	FALSE
H23_3_ACME_10x_10kc_GAAACCTTCTCCCATG-1	159	TRUE	FALSE	FALSE
H23_3_ACME_10x_10kc_GAAGCGAGTCCGATCG-1	29	TRUE	FALSE	FALSE
H23_3_ACME_10x_10kc_GAGGGATGTTGTGGAG-1	162	TRUE	FALSE	FALSE
H23_3_ACME_10x_10kc_GATGACTTCAACTACG-1	163	TRUE	FALSE	FALSE
H23_3_ACME_10x_10kc_GCAGTTACAGGTCAAG-1	163	TRUE	FALSE	FALSE
H23_3_ACME_10x_10kc_GGAGAACAGACATGCG-1	225	TRUE	FALSE	FALSE
H23_3_ACME_10x_10kc_GGGTTTAGTATTGACC-1	162	TRUE	FALSE	FALSE
H23_3_ACME_10x_10kc_GGTGGCTTCAAACCCA-1	89	TRUE	FALSE	FALSE
H23_3_ACME_10x_10kc_GTATTTCCATCCGCGA-1	162	TRUE	FALSE	FALSE
H23_3_ACME_10x_10kc_GTCACGGGTTCAGTAC-1	29	TRUE	FALSE	FALSE
H23_3_ACME_10x_10kc_GTCAGCGAGTTGGACG-1	164	TRUE	FALSE	FALSE
H23_3_ACME_10x_10kc_GTCCTCAGTCGTACTA-1	29	TRUE	FALSE	FALSE
H23_3_ACME_10x_10kc_GTGATGTCAGAATGTA-1	29	TRUE	FALSE	FALSE
H23_3_ACME_10x_10kc_GTGGAGAGTCTCTCCA-1	89	TRUE	FALSE	FALSE
H23_3_ACME_10x_10kc_GTTGCTCAGTAGCATA-1	89	TRUE	FALSE	FALSE
H23_3_ACME_10x_10kc_GTTGTGACAGCAGACA-1	164	TRUE	FALSE	FALSE
H23_3_ACME_10x_10kc_GTTTACTCAACCTAAC-1	225	TRUE	FALSE	FALSE
H23_3_ACME_10x_10kc_TATGTTCTCTCCCATG-1	162	TRUE	FALSE	FALSE
H23_3_ACME_10x_10kc_TCACGCTTCATACAGC-1	89	TRUE	FALSE	FALSE
H23_3_ACME_10x_10kc_TCGAAGTCAAATACAG-1	28	TRUE	FALSE	FALSE
H23_3_ACME_10x_10kc_TCGTGCTAGTCCCAGC-1	89	TRUE	FALSE	FALSE
H23_3_ACME_10x_10kc_TCTATACGTCGTCAGC-1	29	TRUE	FALSE	FALSE
H23_3_ACME_10x_10kc_TGAGCATCAACACACT-1	89	TRUE	FALSE	FALSE
H23_3_ACME_10x_10kc_TGTAAGCTCCGAAGGA-1	164	TRUE	FALSE	FALSE
H23_3_ACME_10x_10kc_TGTGTGATCGTCAGAT-1	29	TRUE	FALSE	FALSE
H23_3_ACME_10x_10kc_TTACCGCAGGATTCAA-1	89	TRUE	FALSE	FALSE
H23_3_ACME_10x_10kc_TTCGATTGTCGACTTA-1	29	TRUE	FALSE	FALSE
H23_3_ACME_10x_10kc_TTGAACGTCTAAGGAA-1	159	TRUE	FALSE	FALSE
H2H23_4_ACME_10x_10kc_AAACCCACAAAGGGCT-1	163	TRUE	FALSE	FALSE
H2H23_4_ACME_10x_10kc_AACAACCAGAATTGCA-1	164	TRUE	FALSE	FALSE
H2H23_4_ACME_10x_10kc_AACGGGAGTTTGCAGT-1	159	TRUE	FALSE	FALSE
H2H23_4_ACME_10x_10kc_ACACGCGTCATTCGGA-1	159	TRUE	FALSE	FALSE
H2H23_4_ACME_10x_10kc_ACCTACCTCCTTTGAT-1	159	TRUE	FALSE	FALSE
H2H23_4_ACME_10x_10kc_AGGAGGTTCCATCACC-1	159	TRUE	FALSE	FALSE
H2H23_4_ACME_10x_10kc_AGGCCACGTACAGCGA-1	159	TRUE	FALSE	FALSE
H2H23_4_ACME_10x_10kc_ATGAAAGCATCCAACA-1	225	TRUE	FALSE	FALSE
H2H23_4_ACME_10x_10kc_ATGGGTTAGGCGTTGA-1	84	TRUE	FALSE	FALSE
H2H23_4_ACME_10x_10kc_ATTGTTCAGAGCATCG-1	159	TRUE	FALSE	FALSE
H2H23_4_ACME_10x_10kc_CAACCTCGTCAAGCGA-1	159	TRUE	FALSE	FALSE
H2H23_4_ACME_10x_10kc_CACAGATAGGCTCTCG-1	164	TRUE	FALSE	FALSE
H2H23_4_ACME_10x_10kc_CACAGGCCATCGTCCT-1	84	TRUE	FALSE	FALSE
H2H23_4_ACME_10x_10kc_CAGCGTGCAGAGGACT-1	84	TRUE	FALSE	FALSE
H2H23_4_ACME_10x_10kc_CAGTTAGAGATGCTTC-1	163	TRUE	FALSE	FALSE
H2H23_4_ACME_10x_10kc_CATTGCCAGCCAAGCA-1	225	TRUE	FALSE	FALSE
H2H23_4_ACME_10x_10kc_CATTGTTTCTGAGCAT-1	163	TRUE	FALSE	FALSE
H2H23_4_ACME_10x_10kc_CCACACTTCACCGACG-1	159	TRUE	FALSE	FALSE
H2H23_4_ACME_10x_10kc_CCGAACGTCATCACTT-1	159	TRUE	FALSE	FALSE
H2H23_4_ACME_10x_10kc_CCTCCAACAGTGCGCT-1	225	TRUE	FALSE	FALSE
H2H23_4_ACME_10x_10kc_CGACAGCGTGGATGAC-1	89	TRUE	FALSE	FALSE
H2H23_4_ACME_10x_10kc_CGTTAGATCCAAGCTA-1	89	TRUE	FALSE	FALSE
H2H23_4_ACME_10x_10kc_CTAACCCCATAGAAAC-1	225	TRUE	FALSE	FALSE
H2H23_4_ACME_10x_10kc_CTACGGGCAGACCATT-1	159	TRUE	FALSE	FALSE
H2H23_4_ACME_10x_10kc_CTCAATTCAACCCGCA-1	159	TRUE	FALSE	FALSE
H2H23_4_ACME_10x_10kc_CTCATGCGTGTAAACA-1	225	TRUE	FALSE	FALSE
H2H23_4_ACME_10x_10kc_CTGAATGGTTCTCGTC-1	162	TRUE	FALSE	FALSE
H2H23_4_ACME_10x_10kc_CTTCAATTCCTACAAG-1	84	TRUE	FALSE	FALSE
H2H23_4_ACME_10x_10kc_CTTGATTGTCACAGAG-1	159	TRUE	FALSE	FALSE
H2H23_4_ACME_10x_10kc_GACCCTTGTGCCTGAC-1	159	TRUE	FALSE	FALSE
H2H23_4_ACME_10x_10kc_GACCGTGCATAACGGG-1	225	TRUE	FALSE	FALSE
H2H23_4_ACME_10x_10kc_GAGCCTGGTCGGAACA-1	89	TRUE	FALSE	FALSE
H2H23_4_ACME_10x_10kc_GAGTCTATCTGGGCCA-1	163	TRUE	FALSE	FALSE
H2H23_4_ACME_10x_10kc_GGCTTGGCAACAAAGT-1	89	TRUE	FALSE	FALSE
H2H23_4_ACME_10x_10kc_GTCAAGTAGTGAGGCT-1	159	TRUE	FALSE	FALSE
H2H23_4_ACME_10x_10kc_GTGAGCCGTACTGAGG-1	225	TRUE	FALSE	FALSE
H2H23_4_ACME_10x_10kc_GTGGTTATCCGCTTAC-1	28	TRUE	FALSE	FALSE
H2H23_4_ACME_10x_10kc_GTTCCGTGTGTACGCC-1	159	TRUE	FALSE	FALSE
H2H23_4_ACME_10x_10kc_TACATTCCATGCCATA-1	225	TRUE	FALSE	FALSE
H2H23_4_ACME_10x_10kc_TACTTACCACAATTCG-1	159	TRUE	FALSE	FALSE
H2H23_4_ACME_10x_10kc_TATATCCCACAGGATG-1	159	TRUE	FALSE	FALSE
H2H23_4_ACME_10x_10kc_TATGTTCCAGACAAGC-1	89	TRUE	FALSE	FALSE
H2H23_4_ACME_10x_10kc_TATTCCAAGTTCAACC-1	89	TRUE	FALSE	FALSE
H2H23_4_ACME_10x_10kc_TCCGTGTGTAGACAGC-1	159	TRUE	FALSE	FALSE
H2H23_4_ACME_10x_10kc_TCGAACACAGGATGAC-1	89	TRUE	FALSE	FALSE
H2H23_4_ACME_10x_10kc_TCGTCCACACCTGTCT-1	225	TRUE	FALSE	FALSE
H2H23_4_ACME_10x_10kc_TCTCAGCCATGGGATG-1	159	TRUE	FALSE	FALSE
H2H23_4_ACME_10x_10kc_TGAGCGCAGTTATGGA-1	84	TRUE	FALSE	FALSE
H2H23_4_ACME_10x_10kc_TGCCGAGAGACAGCGT-1	163	TRUE	FALSE	FALSE
H2H23_4_ACME_10x_10kc_TGCTGAAAGACCAAAT-1	89	TRUE	FALSE	FALSE
H2H23_4_ACME_10x_10kc_TGGGTTACAACTCCAA-1	159	TRUE	FALSE	FALSE
H2H23_4_ACME_10x_10kc_TGGTAGTTCTACTATC-1	159	TRUE	FALSE	FALSE
H2H23_4_ACME_10x_10kc_TTCTAACAGGTAGATT-1	159	TRUE	FALSE	FALSE
H2H23_4_ACME_10x_10kc_TTTCCTCCAGCCGGTT-1	84	TRUE	FALSE	FALSE
H2H23_4_ACME_10x_10kc_TTTCGATAGCAAGTGC-1	84	TRUE	FALSE	FALSE
H2H23_4_ACME_10x_10kc_TTTGGTTCAATTCTTC-1	163	TRUE	FALSE	FALSE
Plac02_H2_H23_10XscRNAseq_10kc_AAACGAAAGGTCCCGT-1	28	TRUE	FALSE	FALSE
Plac02_H2_H23_10XscRNAseq_10kc_AACCATGAGTAGGATT-1	159	TRUE	FALSE	FALSE
Plac02_H2_H23_10XscRNAseq_10kc_AAGAACAAGCACCTGC-1	225	TRUE	FALSE	FALSE
Plac02_H2_H23_10XscRNAseq_10kc_AAGAACATCTGCCTCA-1	225	TRUE	FALSE	FALSE
Plac02_H2_H23_10XscRNAseq_10kc_ACATCGAAGTGGGAAA-1	225	TRUE	FALSE	FALSE
Plac02_H2_H23_10XscRNAseq_10kc_ACGGGTCCACGCGCTA-1	225	TRUE	FALSE	FALSE
Plac02_H2_H23_10XscRNAseq_10kc_ACGTAGTTCCTTCACG-1	225	TRUE	FALSE	FALSE
Plac02_H2_H23_10XscRNAseq_10kc_ACTACGAAGACCAGAC-1	89	TRUE	FALSE	FALSE
Plac02_H2_H23_10XscRNAseq_10kc_ACTACGAGTTGCCATA-1	225	TRUE	FALSE	FALSE
Plac02_H2_H23_10XscRNAseq_10kc_ACTGATGGTTCATCTT-1	89	TRUE	FALSE	FALSE
Plac02_H2_H23_10XscRNAseq_10kc_AGATCCAAGAGTCAAT-1	159	TRUE	FALSE	FALSE
Plac02_H2_H23_10XscRNAseq_10kc_AGATGCTTCGAAGTGG-1	159	TRUE	FALSE	FALSE
Plac02_H2_H23_10XscRNAseq_10kc_AGCGATTTCTACGGGC-1	225	TRUE	FALSE	FALSE
Plac02_H2_H23_10XscRNAseq_10kc_AGGAATAAGGGATCTG-1	159	TRUE	FALSE	FALSE
Plac02_H2_H23_10XscRNAseq_10kc_AGGACTTAGACATATG-1	163	TRUE	FALSE	FALSE
Plac02_H2_H23_10XscRNAseq_10kc_AGGATCTAGAAGCTGC-1	89	TRUE	FALSE	FALSE
Plac02_H2_H23_10XscRNAseq_10kc_AGGCCACAGGGTAATT-1	159	TRUE	FALSE	FALSE
Plac02_H2_H23_10XscRNAseq_10kc_AGGTTACTCAGTAGGG-1	159	TRUE	FALSE	FALSE
Plac02_H2_H23_10XscRNAseq_10kc_AGTCTCCAGGTCACCC-1	84	TRUE	FALSE	FALSE
Plac02_H2_H23_10XscRNAseq_10kc_ATCACAGGTTTCACAG-1	159	TRUE	FALSE	FALSE
Plac02_H2_H23_10XscRNAseq_10kc_ATCACAGTCGGCTTCT-1	159	TRUE	FALSE	FALSE
Plac02_H2_H23_10XscRNAseq_10kc_ATCGTCCAGCCACTCG-1	225	TRUE	FALSE	FALSE
Plac02_H2_H23_10XscRNAseq_10kc_ATGAAAGCACTACAGT-1	225	TRUE	FALSE	FALSE
Plac02_H2_H23_10XscRNAseq_10kc_ATGGATCCACGCCAGT-1	28	TRUE	FALSE	FALSE
Plac02_H2_H23_10XscRNAseq_10kc_ATGGGTTCACATATCG-1	89	TRUE	FALSE	FALSE
Plac02_H2_H23_10XscRNAseq_10kc_ATGTCCCGTAGGACCA-1	159	TRUE	FALSE	FALSE
Plac02_H2_H23_10XscRNAseq_10kc_ATTACCTTCTCTTCAA-1	89	TRUE	FALSE	FALSE
Plac02_H2_H23_10XscRNAseq_10kc_ATTGGGTCAAAGGCAC-1	89	TRUE	FALSE	FALSE
Plac02_H2_H23_10XscRNAseq_10kc_ATTTCTGAGCATTGTC-1	163	TRUE	FALSE	FALSE
Plac02_H2_H23_10XscRNAseq_10kc_CAATACGTCCCAGGAC-1	159	TRUE	FALSE	FALSE
Plac02_H2_H23_10XscRNAseq_10kc_CACACAACATCTGCGG-1	89	TRUE	FALSE	FALSE
Plac02_H2_H23_10XscRNAseq_10kc_CACAGGCTCTCGTGGG-1	89	TRUE	FALSE	FALSE
Plac02_H2_H23_10XscRNAseq_10kc_CACATGACACCAGTAT-1	159	TRUE	FALSE	FALSE
Plac02_H2_H23_10XscRNAseq_10kc_CACGAATCACAGCATT-1	159	TRUE	FALSE	FALSE
Plac02_H2_H23_10XscRNAseq_10kc_CAGATCAAGCGCCGTT-1	225	TRUE	FALSE	FALSE
Plac02_H2_H23_10XscRNAseq_10kc_CAGTTCCCAAAGGCGT-1	159	TRUE	FALSE	FALSE
Plac02_H2_H23_10XscRNAseq_10kc_CAGTTCCTCTACGCAA-1	159	TRUE	FALSE	FALSE
Plac02_H2_H23_10XscRNAseq_10kc_CATACCCGTATCGTTG-1	163	TRUE	FALSE	FALSE
Plac02_H2_H23_10XscRNAseq_10kc_CATCAAGAGCCTCTGG-1	89	TRUE	FALSE	FALSE
Plac02_H2_H23_10XscRNAseq_10kc_CATGCAATCATACAGC-1	84	TRUE	FALSE	FALSE
Plac02_H2_H23_10XscRNAseq_10kc_CATGCCTCACGAAGAC-1	162	TRUE	FALSE	FALSE
Plac02_H2_H23_10XscRNAseq_10kc_CATGCCTCACTACCCT-1	28	TRUE	FALSE	FALSE
Plac02_H2_H23_10XscRNAseq_10kc_CATTCTAAGTTGTAGA-1	159	TRUE	FALSE	FALSE
Plac02_H2_H23_10XscRNAseq_10kc_CATTGTTTCACTACTT-1	89	TRUE	FALSE	FALSE
Plac02_H2_H23_10XscRNAseq_10kc_CCAATTTAGGTATAGT-1	225	TRUE	FALSE	FALSE
Plac02_H2_H23_10XscRNAseq_10kc_CCACGTTAGTGGGAAA-1	163	TRUE	FALSE	FALSE
Plac02_H2_H23_10XscRNAseq_10kc_CCACGTTCATCTTTCA-1	89	TRUE	FALSE	FALSE
Plac02_H2_H23_10XscRNAseq_10kc_CCTATCGCACGACGCT-1	163	TRUE	FALSE	FALSE
Plac02_H2_H23_10XscRNAseq_10kc_CCTCACATCGAATCCA-1	164	TRUE	FALSE	FALSE
Plac02_H2_H23_10XscRNAseq_10kc_CCTCCTCTCCACCTCA-1	84	TRUE	FALSE	FALSE
Plac02_H2_H23_10XscRNAseq_10kc_CCTCTAGAGGGTGAAA-1	159	TRUE	FALSE	FALSE
Plac02_H2_H23_10XscRNAseq_10kc_CGAGTTACAGCTGGTC-1	159	TRUE	FALSE	FALSE
Plac02_H2_H23_10XscRNAseq_10kc_CGCAGGTAGACGATAT-1	164	TRUE	FALSE	FALSE
Plac02_H2_H23_10XscRNAseq_10kc_CGGACACGTCAGACTT-1	163	TRUE	FALSE	FALSE
Plac02_H2_H23_10XscRNAseq_10kc_CGGAGAAGTGCGTTTA-1	164	TRUE	FALSE	FALSE
Plac02_H2_H23_10XscRNAseq_10kc_CGTCAAAGTATGACAA-1	163	TRUE	FALSE	FALSE
Plac02_H2_H23_10XscRNAseq_10kc_CGTGAATTCACTCTTA-1	159	TRUE	FALSE	FALSE
Plac02_H2_H23_10XscRNAseq_10kc_CTACCCATCGACGTCG-1	89	TRUE	FALSE	FALSE
Plac02_H2_H23_10XscRNAseq_10kc_CTACGGGTCGAAGCCC-1	89	TRUE	FALSE	FALSE
Plac02_H2_H23_10XscRNAseq_10kc_CTCAACCTCGGTCGGT-1	225	TRUE	FALSE	FALSE
Plac02_H2_H23_10XscRNAseq_10kc_CTCAAGAAGAGGTGCT-1	164	TRUE	FALSE	FALSE
Plac02_H2_H23_10XscRNAseq_10kc_CTCAGAAGTAGACACG-1	89	TRUE	FALSE	FALSE
Plac02_H2_H23_10XscRNAseq_10kc_CTCCTCCCATTCGGGC-1	159	TRUE	FALSE	FALSE
Plac02_H2_H23_10XscRNAseq_10kc_CTGCTCACACGTGTGC-1	89	TRUE	FALSE	FALSE
Plac02_H2_H23_10XscRNAseq_10kc_CTGCTCATCTTTGCGC-1	225	TRUE	FALSE	FALSE
Plac02_H2_H23_10XscRNAseq_10kc_CTGTATTTCAGGAACG-1	159	TRUE	FALSE	FALSE
Plac02_H2_H23_10XscRNAseq_10kc_CTGTGAATCCGACGGT-1	84	TRUE	FALSE	FALSE
Plac02_H2_H23_10XscRNAseq_10kc_CTTCTCTGTGTTAAAG-1	159	TRUE	FALSE	FALSE
Plac02_H2_H23_10XscRNAseq_10kc_CTTGAGAAGCTGGTGA-1	159	TRUE	FALSE	FALSE
Plac02_H2_H23_10XscRNAseq_10kc_GAAACCTGTAACACCT-1	159	TRUE	FALSE	FALSE
Plac02_H2_H23_10XscRNAseq_10kc_GAAGCCCAGAGAGTTT-1	159	TRUE	FALSE	FALSE
Plac02_H2_H23_10XscRNAseq_10kc_GAAGCCCCACTCAAGT-1	89	TRUE	FALSE	FALSE
Plac02_H2_H23_10XscRNAseq_10kc_GAAGCGACAATAGTAG-1	89	TRUE	FALSE	FALSE
Plac02_H2_H23_10XscRNAseq_10kc_GAAGCGAGTTGTATGC-1	159	TRUE	FALSE	FALSE
Plac02_H2_H23_10XscRNAseq_10kc_GACCGTGGTTGTAGCT-1	84	TRUE	FALSE	FALSE
Plac02_H2_H23_10XscRNAseq_10kc_GACTATGAGCAAATCA-1	163	TRUE	FALSE	FALSE
Plac02_H2_H23_10XscRNAseq_10kc_GAGTGAGAGGTATCTC-1	225	TRUE	FALSE	FALSE
Plac02_H2_H23_10XscRNAseq_10kc_GATCGTAGTTCGTGCG-1	225	TRUE	FALSE	FALSE
Plac02_H2_H23_10XscRNAseq_10kc_GATGACTTCGGTCACG-1	89	TRUE	FALSE	FALSE
Plac02_H2_H23_10XscRNAseq_10kc_GATGATCTCCAGCAAT-1	164	TRUE	FALSE	FALSE
Plac02_H2_H23_10XscRNAseq_10kc_GATGGAGAGCTGGCTC-1	159	TRUE	FALSE	FALSE
Plac02_H2_H23_10XscRNAseq_10kc_GCACATACAGCGTGAA-1	164	TRUE	FALSE	FALSE
Plac02_H2_H23_10XscRNAseq_10kc_GCATCTCTCAAGTGTC-1	159	TRUE	FALSE	FALSE
Plac02_H2_H23_10XscRNAseq_10kc_GCATTAGTCCTGGGTG-1	159	TRUE	FALSE	FALSE
Plac02_H2_H23_10XscRNAseq_10kc_GCCAGGTTCTCTAAGG-1	164	TRUE	FALSE	FALSE
Plac02_H2_H23_10XscRNAseq_10kc_GCCAGTGTCGAGTGGA-1	84	TRUE	FALSE	FALSE
Plac02_H2_H23_10XscRNAseq_10kc_GCTACAACAGGACTTT-1	159	TRUE	FALSE	FALSE
Plac02_H2_H23_10XscRNAseq_10kc_GCTACAATCATTGCCC-1	163	TRUE	FALSE	FALSE
Plac02_H2_H23_10XscRNAseq_10kc_GGAACCCCACGACAAG-1	159	TRUE	FALSE	FALSE
Plac02_H2_H23_10XscRNAseq_10kc_GGCTGTGTCATATGGC-1	225	TRUE	FALSE	FALSE
Plac02_H2_H23_10XscRNAseq_10kc_GGCTTTCTCTTGCAAG-1	84	TRUE	FALSE	FALSE
Plac02_H2_H23_10XscRNAseq_10kc_GGGACAAAGCTCCCTT-1	225	TRUE	FALSE	FALSE
Plac02_H2_H23_10XscRNAseq_10kc_GGTAACTGTTCTCTCG-1	159	TRUE	FALSE	FALSE
Plac02_H2_H23_10XscRNAseq_10kc_GGTAATCCAAACTCGT-1	159	TRUE	FALSE	FALSE
Plac02_H2_H23_10XscRNAseq_10kc_GGTGAAGTCCGATCTC-1	159	TRUE	FALSE	FALSE
Plac02_H2_H23_10XscRNAseq_10kc_GTACAGTAGGCTCAAG-1	89	TRUE	FALSE	FALSE
Plac02_H2_H23_10XscRNAseq_10kc_GTAGAGGGTCTACAGT-1	159	TRUE	FALSE	FALSE
Plac02_H2_H23_10XscRNAseq_10kc_GTAGATCGTATCAGCT-1	159	TRUE	FALSE	FALSE
Plac02_H2_H23_10XscRNAseq_10kc_GTCAGCGAGAATGTTG-1	159	TRUE	FALSE	FALSE
Plac02_H2_H23_10XscRNAseq_10kc_GTCAGCGCAGTCGGTC-1	159	TRUE	FALSE	FALSE
Plac02_H2_H23_10XscRNAseq_10kc_GTCCACTCAAGCGAAC-1	162	TRUE	FALSE	FALSE
Plac02_H2_H23_10XscRNAseq_10kc_GTCGAATGTGTTTGCA-1	89	TRUE	FALSE	FALSE
Plac02_H2_H23_10XscRNAseq_10kc_GTGAGTTAGATGCTTC-1	164	TRUE	FALSE	FALSE
Plac02_H2_H23_10XscRNAseq_10kc_GTGGGAACACGTAGAG-1	163	TRUE	FALSE	FALSE
Plac02_H2_H23_10XscRNAseq_10kc_GTGGTTAGTCTTGTCC-1	225	TRUE	FALSE	FALSE
Plac02_H2_H23_10XscRNAseq_10kc_GTGTGGCTCAGTCATG-1	159	TRUE	FALSE	FALSE
Plac02_H2_H23_10XscRNAseq_10kc_GTTACGACAAGCGGAT-1	159	TRUE	FALSE	FALSE
Plac02_H2_H23_10XscRNAseq_10kc_GTTCCGTCACCAGTAT-1	28	TRUE	FALSE	FALSE
Plac02_H2_H23_10XscRNAseq_10kc_GTTCCGTTCGAGCTGC-1	225	TRUE	FALSE	FALSE
Plac02_H2_H23_10XscRNAseq_10kc_GTTGTCCGTCATAAAG-1	225	TRUE	FALSE	FALSE
Plac02_H2_H23_10XscRNAseq_10kc_GTTGTCCTCACCGGTG-1	159	TRUE	FALSE	FALSE
Plac02_H2_H23_10XscRNAseq_10kc_TAACCAGGTCATTGCA-1	164	TRUE	FALSE	FALSE
Plac02_H2_H23_10XscRNAseq_10kc_TAAGTCGCAAGACCTT-1	163	TRUE	FALSE	FALSE
Plac02_H2_H23_10XscRNAseq_10kc_TACAGGTGTGCTCTTC-1	225	TRUE	FALSE	FALSE
Plac02_H2_H23_10XscRNAseq_10kc_TACGTCCGTAACCCGC-1	159	TRUE	FALSE	FALSE
Plac02_H2_H23_10XscRNAseq_10kc_TAGACCATCTGCCTGT-1	159	TRUE	FALSE	FALSE
Plac02_H2_H23_10XscRNAseq_10kc_TAGATCGAGCAACAGC-1	163	TRUE	FALSE	FALSE
Plac02_H2_H23_10XscRNAseq_10kc_TAGGTACTCTGGCCTT-1	225	TRUE	FALSE	FALSE
Plac02_H2_H23_10XscRNAseq_10kc_TAGTGCATCATACAGC-1	163	TRUE	FALSE	FALSE
Plac02_H2_H23_10XscRNAseq_10kc_TATGTTCAGCTGAAAT-1	163	TRUE	FALSE	FALSE
Plac02_H2_H23_10XscRNAseq_10kc_TATGTTCCAGGAATAT-1	159	TRUE	FALSE	FALSE
Plac02_H2_H23_10XscRNAseq_10kc_TCACAAGTCTCCGATC-1	163	TRUE	FALSE	FALSE
Plac02_H2_H23_10XscRNAseq_10kc_TCACTATTCAGCAGAG-1	89	TRUE	FALSE	FALSE
Plac02_H2_H23_10XscRNAseq_10kc_TCACTCGCAGCTACCG-1	159	TRUE	FALSE	FALSE
Plac02_H2_H23_10XscRNAseq_10kc_TCATCATCACTCTCGT-1	159	TRUE	FALSE	FALSE
Plac02_H2_H23_10XscRNAseq_10kc_TCATGGATCTTACACT-1	159	TRUE	FALSE	FALSE
Plac02_H2_H23_10XscRNAseq_10kc_TCATGTTGTAGCGTCC-1	162	TRUE	FALSE	FALSE
Plac02_H2_H23_10XscRNAseq_10kc_TCCTAATGTTAGAAGT-1	84	TRUE	FALSE	FALSE
Plac02_H2_H23_10XscRNAseq_10kc_TCCTTCTCAGGGAGAG-1	159	TRUE	FALSE	FALSE
Plac02_H2_H23_10XscRNAseq_10kc_TCGGATAAGAGATGCC-1	159	TRUE	FALSE	FALSE
Plac02_H2_H23_10XscRNAseq_10kc_TCGGATAAGTACTCGT-1	163	TRUE	FALSE	FALSE
Plac02_H2_H23_10XscRNAseq_10kc_TCTCAGCAGGTCGTGA-1	225	TRUE	FALSE	FALSE
Plac02_H2_H23_10XscRNAseq_10kc_TCTCTGGAGATCACCT-1	225	TRUE	FALSE	FALSE
Plac02_H2_H23_10XscRNAseq_10kc_TCTGGCTGTACCGGCT-1	225	TRUE	FALSE	FALSE
Plac02_H2_H23_10XscRNAseq_10kc_TCTGTCGGTCTGTGCG-1	225	TRUE	FALSE	FALSE
Plac02_H2_H23_10XscRNAseq_10kc_TCTTAGTCAGAAATTG-1	159	TRUE	FALSE	FALSE
Plac02_H2_H23_10XscRNAseq_10kc_TGAATGCTCCACCTCA-1	159	TRUE	FALSE	FALSE
Plac02_H2_H23_10XscRNAseq_10kc_TGACCCTCATCTCAAG-1	159	TRUE	FALSE	FALSE
Plac02_H2_H23_10XscRNAseq_10kc_TGACCCTTCACTCCGT-1	159	TRUE	FALSE	FALSE
Plac02_H2_H23_10XscRNAseq_10kc_TGATCAGTCTCAACGA-1	159	TRUE	FALSE	FALSE
Plac02_H2_H23_10XscRNAseq_10kc_TGATGGTAGCATACTC-1	89	TRUE	FALSE	FALSE
Plac02_H2_H23_10XscRNAseq_10kc_TGCGGGTGTCCGGTCA-1	225	TRUE	FALSE	FALSE
Plac02_H2_H23_10XscRNAseq_10kc_TGCTTGCAGGTAGCAC-1	89	TRUE	FALSE	FALSE
Plac02_H2_H23_10XscRNAseq_10kc_TGGAGGAAGTATAGGT-1	163	TRUE	FALSE	FALSE
Plac02_H2_H23_10XscRNAseq_10kc_TGGGAGATCAGCACCG-1	159	TRUE	FALSE	FALSE
Plac02_H2_H23_10XscRNAseq_10kc_TGGGCTGCACGTCTCT-1	164	TRUE	FALSE	FALSE
Plac02_H2_H23_10XscRNAseq_10kc_TTACAGGTCACGTAGT-1	159	TRUE	FALSE	FALSE
Plac02_H2_H23_10XscRNAseq_10kc_TTACCGCGTTTAGTCG-1	164	TRUE	FALSE	FALSE
Plac02_H2_H23_10XscRNAseq_10kc_TTACGCCCAGTGGTGA-1	159	TRUE	FALSE	FALSE
Plac02_H2_H23_10XscRNAseq_10kc_TTACGTTCATGACAAA-1	89	TRUE	FALSE	FALSE
Plac02_H2_H23_10XscRNAseq_10kc_TTACTGTGTATGGAGC-1	163	TRUE	FALSE	FALSE
Plac02_H2_H23_10XscRNAseq_10kc_TTCCGTGCACTCATAG-1	159	TRUE	FALSE	FALSE
Plac02_H2_H23_10XscRNAseq_10kc_TTCCTCTCACAGAAGC-1	162	TRUE	FALSE	FALSE
Plac02_H2_H23_10XscRNAseq_10kc_TTCCTCTCAGCATGCC-1	225	TRUE	FALSE	FALSE
Plac02_H2_H23_10XscRNAseq_10kc_TTCTAACTCGCTCTAC-1	159	TRUE	FALSE	FALSE
Plac02_H2_H23_10XscRNAseq_10kc_TTCTAGTCACCAGGTC-1	159	TRUE	FALSE	FALSE
Plac02_H2_H23_10XscRNAseq_10kc_TTCTTCCGTCTGATAC-1	225	TRUE	FALSE	FALSE
Plac02_H2_H23_10XscRNAseq_10kc_TTCTTGAAGCGACTAG-1	164	TRUE	FALSE	FALSE
Plac02_H2_H23_10XscRNAseq_10kc_TTGAGTGAGCATCGAG-1	84	TRUE	FALSE	FALSE
Plac02_H2_H23_10XscRNAseq_10kc_TTTACCATCTTCACGC-1	225	TRUE	FALSE	FALSE
